timestamp,tick,gsr_raw
2026-06-30T23:25:52Z,0,6307.7
2026-06-30T23:25:52Z,1,6291.7
2026-06-30T23:25:52Z,2,6273.7
2026-06-30T23:25:53Z,3,6264.1
2026-06-30T23:25:53Z,4,6249.5
2026-06-30T23:25:53Z,5,6228.2
2026-06-30T23:25:53Z,6,6211.6
2026-06-30T23:25:53Z,7,6206.2
2026-06-30T23:25:53Z,8,6204.0
2026-06-30T23:25:53Z,9,6201.9
2026-06-30T23:25:53Z,0,6200.1
2026-06-30T23:25:53Z,1,6198.6
2026-06-30T23:25:53Z,2,6185.1
2026-06-30T23:25:54Z,3,6170.6
2026-06-30T23:25:54Z,4,6166.8
2026-06-30T23:25:54Z,5,6156.3
2026-06-30T23:25:54Z,6,6144.3
2026-06-30T23:25:54Z,7,6154.9
2026-06-30T23:25:54Z,8,6244.9
2026-06-30T23:25:54Z,9,6379.9
2026-06-30T23:25:54Z,0,6413.3
2026-06-30T23:25:54Z,1,6427.5
2026-06-30T23:25:54Z,2,6451.5
2026-06-30T23:25:55Z,3,6478.7
2026-06-30T23:25:55Z,4,6524.2
2026-06-30T23:25:55Z,5,6580.6
2026-06-30T23:25:55Z,6,6621.4
2026-06-30T23:25:55Z,7,6656.6
2026-06-30T23:25:55Z,8,6705.9
2026-06-30T23:25:55Z,9,6733.1
2026-06-30T23:25:55Z,0,6745.5
2026-06-30T23:25:55Z,1,6758.3
2026-06-30T23:25:55Z,2,6775.9
2026-06-30T23:25:56Z,3,6802.2
2026-06-30T23:25:56Z,4,6822.4
2026-06-30T23:25:56Z,5,6844.6
2026-06-30T23:25:56Z,6,6877.9
2026-06-30T23:25:56Z,7,6907.1
2026-06-30T23:25:56Z,8,6934.5
2026-06-30T23:25:56Z,9,6958.8
2026-06-30T23:25:56Z,0,6974.3
2026-06-30T23:25:56Z,1,6970.1
2026-06-30T23:25:56Z,2,6947.6
2026-06-30T23:25:57Z,3,6931.5
2026-06-30T23:25:57Z,4,6915.9
2026-06-30T23:25:57Z,5,6892.1
2026-06-30T23:25:57Z,6,6870.2
2026-06-30T23:25:57Z,7,6847.2
2026-06-30T23:25:57Z,8,6809.6
2026-06-30T23:25:57Z,9,6759.3
2026-06-30T23:25:57Z,0,6721.6
2026-06-30T23:25:57Z,1,6690.8
2026-06-30T23:25:57Z,2,6661.4
2026-06-30T23:25:58Z,3,6641.9
2026-06-30T23:25:58Z,4,6633.0
2026-06-30T23:25:58Z,5,6625.3
2026-06-30T23:25:58Z,6,6614.7
2026-06-30T23:25:58Z,7,6616.6
2026-06-30T23:25:58Z,8,6634.4
2026-06-30T23:25:58Z,9,6654.2
2026-06-30T23:25:58Z,0,6676.8
2026-06-30T23:25:58Z,1,6704.8
2026-06-30T23:25:58Z,2,6728.9
2026-06-30T23:25:59Z,3,6737.8
2026-06-30T23:25:59Z,4,6757.8
2026-06-30T23:25:59Z,5,6791.8
2026-06-30T23:25:59Z,6,6828.0
2026-06-30T23:25:59Z,7,6874.8
2026-06-30T23:25:59Z,8,6941.1
2026-06-30T23:25:59Z,9,7020.9
2026-06-30T23:25:59Z,0,7108.2
2026-06-30T23:25:59Z,1,7228.8
2026-06-30T23:25:59Z,2,7378.8
2026-06-30T23:26:00Z,3,7531.9
2026-06-30T23:26:00Z,4,7665.7
2026-06-30T23:26:00Z,5,7773.0
2026-06-30T23:26:00Z,6,7842.4
2026-06-30T23:26:00Z,7,7871.2
2026-06-30T23:26:00Z,8,7903.2
2026-06-30T23:26:00Z,9,7930.4
2026-06-30T23:26:00Z,0,7939.7
2026-06-30T23:26:00Z,1,7931.4
2026-06-30T23:26:00Z,2,7914.5
2026-06-30T23:26:01Z,3,7873.9
2026-06-30T23:26:01Z,4,7808.6
2026-06-30T23:26:01Z,5,7751.4
2026-06-30T23:26:01Z,6,7701.9
2026-06-30T23:26:01Z,7,7650.4
2026-06-30T23:26:01Z,8,7598.1
2026-06-30T23:26:01Z,9,7541.3
2026-06-30T23:26:01Z,0,7471.4
2026-06-30T23:26:01Z,1,7387.6
2026-06-30T23:26:01Z,2,7322.7
2026-06-30T23:26:02Z,3,7266.4
2026-06-30T23:26:02Z,4,7210.3
2026-06-30T23:26:02Z,5,7160.7
2026-06-30T23:26:02Z,6,7118.6
2026-06-30T23:26:02Z,7,7074.3
2026-06-30T23:26:02Z,8,7018.7
2026-06-30T23:26:02Z,9,6971.6
2026-06-30T23:26:02Z,0,6936.6
2026-06-30T23:26:02Z,1,6901.6
2026-06-30T23:26:02Z,2,6872.6
2026-06-30T23:26:03Z,3,6847.6
2026-06-30T23:26:03Z,4,6825.8
2026-06-30T23:26:03Z,5,6796.6
2026-06-30T23:26:03Z,6,6771.1
2026-06-30T23:26:03Z,7,6759.0
2026-06-30T23:26:03Z,8,6754.7
2026-06-30T23:26:03Z,9,6761.6
2026-06-30T23:26:03Z,0,6788.1
2026-06-30T23:26:03Z,1,6830.9
2026-06-30T23:26:03Z,2,6882.4
2026-06-30T23:26:04Z,3,6951.6
2026-06-30T23:26:04Z,4,7048.4
2026-06-30T23:26:04Z,5,7153.0
2026-06-30T23:26:04Z,6,7259.6
2026-06-30T23:26:04Z,7,7363.6
2026-06-30T23:26:04Z,8,7460.0
2026-06-30T23:26:04Z,9,7537.2
2026-06-30T23:26:04Z,0,7590.8
2026-06-30T23:26:04Z,1,7639.2
2026-06-30T23:26:04Z,2,7677.4
2026-06-30T23:26:05Z,3,7701.4
2026-06-30T23:26:05Z,4,7713.4
2026-06-30T23:26:05Z,5,7714.6
2026-06-30T23:26:05Z,6,7700.9
2026-06-30T23:26:05Z,7,7659.8
2026-06-30T23:26:05Z,8,7611.0
2026-06-30T23:26:05Z,9,7573.0
2026-06-30T23:26:05Z,0,7531.8
2026-06-30T23:26:05Z,1,7491.0
2026-06-30T23:26:05Z,2,7449.1
2026-06-30T23:26:06Z,3,7406.8
2026-06-30T23:26:06Z,4,7361.7
2026-06-30T23:26:06Z,5,7304.1
2026-06-30T23:26:06Z,6,7256.5
2026-06-30T23:26:06Z,7,7219.4
2026-06-30T23:26:06Z,8,7186.4
2026-06-30T23:26:06Z,9,7158.6
2026-06-30T23:26:06Z,0,7134.2
2026-06-30T23:26:06Z,1,7107.6
2026-06-30T23:26:06Z,2,7078.8
2026-06-30T23:26:07Z,3,7041.7
2026-06-30T23:26:07Z,4,7015.0
2026-06-30T23:26:07Z,5,6996.4
2026-06-30T23:26:07Z,6,6978.2
2026-06-30T23:26:07Z,7,6964.0
2026-06-30T23:26:07Z,8,6951.7
2026-06-30T23:26:07Z,9,6939.3
2026-06-30T23:26:07Z,0,6917.7
2026-06-30T23:26:07Z,1,6894.8
2026-06-30T23:26:07Z,2,6883.8
2026-06-30T23:26:08Z,3,6876.6
2026-06-30T23:26:08Z,4,6867.2
2026-06-30T23:26:08Z,5,6863.0
2026-06-30T23:26:08Z,6,6858.0
2026-06-30T23:26:08Z,7,6849.2
2026-06-30T23:26:08Z,8,6829.1
2026-06-30T23:26:08Z,9,6808.8
2026-06-30T23:26:08Z,0,6799.5
2026-06-30T23:26:08Z,1,6789.8
2026-06-30T23:26:08Z,2,6781.7
2026-06-30T23:26:09Z,3,6776.3
2026-06-30T23:26:09Z,4,6770.8
2026-06-30T23:26:09Z,5,6758.8
2026-06-30T23:26:09Z,6,6733.9
2026-06-30T23:26:09Z,7,6712.1
2026-06-30T23:26:09Z,8,6698.0
2026-06-30T23:26:09Z,9,6684.3
2026-06-30T23:26:09Z,0,6673.7
2026-06-30T23:26:09Z,1,6667.1
2026-06-30T23:26:09Z,2,6661.4
2026-06-30T23:26:10Z,3,6652.8
2026-06-30T23:26:10Z,4,6634.7
2026-06-30T23:26:10Z,5,6619.2
2026-06-30T23:26:10Z,6,6611.8
2026-06-30T23:26:10Z,7,6604.6
2026-06-30T23:26:10Z,8,6599.4
2026-06-30T23:26:10Z,9,6596.0
2026-06-30T23:26:10Z,0,6593.2
2026-06-30T23:26:10Z,1,6586.2
2026-06-30T23:26:10Z,2,6568.0
2026-06-30T23:26:11Z,3,6553.5
2026-06-30T23:26:11Z,4,6545.4
2026-06-30T23:26:11Z,5,6535.7
2026-06-30T23:26:11Z,6,6529.0
2026-06-30T23:26:11Z,7,6523.5
2026-06-30T23:26:11Z,8,6516.9
2026-06-30T23:26:11Z,9,6505.4
2026-06-30T23:26:11Z,0,6487.6
2026-06-30T23:26:11Z,1,6477.8
2026-06-30T23:26:11Z,2,6475.1
2026-06-30T23:26:12Z,3,6476.8
2026-06-30T23:26:12Z,4,6492.6
2026-06-30T23:26:12Z,5,6521.7
2026-06-30T23:26:12Z,6,6567.6
2026-06-30T23:26:12Z,7,6620.3
2026-06-30T23:26:12Z,8,6686.0
2026-06-30T23:26:12Z,9,6780.0
2026-06-30T23:26:12Z,0,6879.7
2026-06-30T23:26:12Z,1,6978.9
2026-06-30T23:26:12Z,2,7077.1
2026-06-30T23:26:13Z,3,7166.8
2026-06-30T23:26:13Z,4,7235.1
2026-06-30T23:26:13Z,5,7270.7
2026-06-30T23:26:13Z,6,7297.6
2026-06-30T23:26:13Z,7,7320.2
2026-06-30T23:26:13Z,8,7329.3
2026-06-30T23:26:13Z,9,7326.9
2026-06-30T23:26:13Z,0,7315.9
2026-06-30T23:26:13Z,1,7294.2
2026-06-30T23:26:13Z,2,7255.3
2026-06-30T23:26:14Z,3,7193.0
2026-06-30T23:26:14Z,4,7133.6
2026-06-30T23:26:14Z,5,7087.6
2026-06-30T23:26:14Z,6,7052.0
2026-06-30T23:26:14Z,7,7021.6
2026-06-30T23:26:14Z,8,6990.0
2026-06-30T23:26:14Z,9,6958.3
2026-06-30T23:26:14Z,0,6919.6
2026-06-30T23:26:14Z,1,6872.6
2026-06-30T23:26:14Z,2,6837.4
2026-06-30T23:26:15Z,3,6809.6
2026-06-30T23:26:15Z,4,6786.4
2026-06-30T23:26:15Z,5,6765.8
2026-06-30T23:26:15Z,6,6748.5
2026-06-30T23:26:15Z,7,6733.2
2026-06-30T23:26:15Z,8,6712.5
2026-06-30T23:26:15Z,9,6683.1
2026-06-30T23:26:15Z,0,6663.8
2026-06-30T23:26:15Z,1,6648.6
2026-06-30T23:26:15Z,2,6635.3
2026-06-30T23:26:16Z,3,6626.9
2026-06-30T23:26:16Z,4,6619.4
2026-06-30T23:26:16Z,5,6608.6
2026-06-30T23:26:16Z,6,6591.5
2026-06-30T23:26:16Z,7,6566.5
2026-06-30T23:26:16Z,8,6550.5
2026-06-30T23:26:16Z,9,6542.5
2026-06-30T23:26:16Z,0,6538.8
2026-06-30T23:26:16Z,1,6540.1
2026-06-30T23:26:16Z,2,6548.4
2026-06-30T23:26:17Z,3,6563.3
2026-06-30T23:26:17Z,4,6578.1
2026-06-30T23:26:17Z,5,6589.9
2026-06-30T23:26:17Z,6,6611.6
2026-06-30T23:26:17Z,7,6633.9
2026-06-30T23:26:17Z,8,6652.7
2026-06-30T23:26:17Z,9,6670.6
2026-06-30T23:26:17Z,0,6685.5
2026-06-30T23:26:17Z,1,6693.6
2026-06-30T23:26:17Z,2,6689.6
2026-06-30T23:26:18Z,3,6677.9
2026-06-30T23:26:18Z,4,6671.4
2026-06-30T23:26:18Z,5,6666.5
2026-06-30T23:26:18Z,6,6660.1
2026-06-30T23:26:18Z,7,6654.4
2026-06-30T23:26:18Z,8,6649.8
2026-06-30T23:26:18Z,9,6644.5
2026-06-30T23:26:18Z,0,6635.0
2026-06-30T23:26:18Z,1,6620.8
2026-06-30T23:26:18Z,2,6611.0
2026-06-30T23:26:19Z,3,6605.9
2026-06-30T23:26:19Z,4,6598.8
2026-06-30T23:26:19Z,5,6596.6
2026-06-30T23:26:19Z,6,6597.1
2026-06-30T23:26:19Z,7,6592.5
2026-06-30T23:26:19Z,8,6575.8
2026-06-30T23:26:19Z,9,6565.8
2026-06-30T23:26:19Z,0,6560.3
2026-06-30T23:26:19Z,1,6554.3
2026-06-30T23:26:19Z,2,6559.6
2026-06-30T23:26:20Z,3,6576.5
2026-06-30T23:26:20Z,4,6599.5
2026-06-30T23:26:20Z,5,6626.0
2026-06-30T23:26:20Z,6,6657.0
2026-06-30T23:26:20Z,7,6709.8
2026-06-30T23:26:20Z,8,6783.9
2026-06-30T23:26:20Z,9,6869.1
2026-06-30T23:26:20Z,0,6970.8
2026-06-30T23:26:20Z,1,7084.3
2026-06-30T23:26:20Z,2,7202.2
2026-06-30T23:26:21Z,3,7307.1
2026-06-30T23:26:21Z,4,7410.3
2026-06-30T23:26:21Z,5,7520.0
2026-06-30T23:26:21Z,6,7620.4
2026-06-30T23:26:21Z,7,7711.5
2026-06-30T23:26:21Z,8,7791.6
2026-06-30T23:26:21Z,9,7853.4
2026-06-30T23:26:21Z,0,7882.0
2026-06-30T23:26:21Z,1,7900.2
2026-06-30T23:26:21Z,2,7932.7
2026-06-30T23:26:22Z,3,7953.1
2026-06-30T23:26:22Z,4,7968.0
2026-06-30T23:26:22Z,5,7984.8
2026-06-30T23:26:22Z,6,7975.1
2026-06-30T23:26:22Z,7,7924.3
2026-06-30T23:26:22Z,8,7856.2
2026-06-30T23:26:22Z,9,7796.1
2026-06-30T23:26:22Z,0,7742.1
2026-06-30T23:26:22Z,1,7678.8
2026-06-30T23:26:22Z,2,7624.3
2026-06-30T23:26:23Z,3,7580.2
2026-06-30T23:26:23Z,4,7524.8
2026-06-30T23:26:23Z,5,7459.1
2026-06-30T23:26:23Z,6,7426.1
2026-06-30T23:26:23Z,7,7419.6
2026-06-30T23:26:23Z,8,7427.4
2026-06-30T23:26:23Z,9,7437.2
2026-06-30T23:26:23Z,0,7451.5
2026-06-30T23:26:23Z,1,7468.7
2026-06-30T23:26:23Z,2,7472.8
2026-06-30T23:26:24Z,3,7480.8
2026-06-30T23:26:24Z,4,7506.9
2026-06-30T23:26:24Z,5,7526.8
2026-06-30T23:26:24Z,6,7545.6
2026-06-30T23:26:24Z,7,7563.8
2026-06-30T23:26:24Z,8,7577.1
2026-06-30T23:26:24Z,9,7575.8
2026-06-30T23:26:24Z,0,7556.5
2026-06-30T23:26:24Z,1,7539.9
2026-06-30T23:26:24Z,2,7523.8
2026-06-30T23:26:25Z,3,7496.9
2026-06-30T23:26:25Z,4,7466.6
2026-06-30T23:26:25Z,5,7432.8
2026-06-30T23:26:25Z,6,7395.0
2026-06-30T23:26:25Z,7,7346.0
2026-06-30T23:26:25Z,8,7291.6
2026-06-30T23:26:25Z,9,7250.9
2026-06-30T23:26:25Z,0,7214.2
2026-06-30T23:26:25Z,1,7176.3
2026-06-30T23:26:25Z,2,7143.9
2026-06-30T23:26:26Z,3,7110.7
2026-06-30T23:26:26Z,4,7073.3
2026-06-30T23:26:26Z,5,7028.8
2026-06-30T23:26:26Z,6,6988.4
2026-06-30T23:26:26Z,7,6957.4
2026-06-30T23:26:26Z,8,6928.2
2026-06-30T23:26:26Z,9,6902.1
2026-06-30T23:26:26Z,0,6878.6
2026-06-30T23:26:26Z,1,6856.8
2026-06-30T23:26:26Z,2,6830.5
2026-06-30T23:26:27Z,3,6794.0
2026-06-30T23:26:27Z,4,6768.0
2026-06-30T23:26:27Z,5,6748.5
2026-06-30T23:26:27Z,6,6728.7
2026-06-30T23:26:27Z,7,6711.7
2026-06-30T23:26:27Z,8,6696.4
2026-06-30T23:26:27Z,9,6681.1
2026-06-30T23:26:27Z,0,6660.6
2026-06-30T23:26:27Z,1,6631.5
2026-06-30T23:26:27Z,2,6612.9
2026-06-30T23:26:28Z,3,6599.1
2026-06-30T23:26:28Z,4,6583.2
2026-06-30T23:26:28Z,5,6569.7
2026-06-30T23:26:28Z,6,6558.4
2026-06-30T23:26:28Z,7,6545.8
2026-06-30T23:26:28Z,8,6526.0
2026-06-30T23:26:28Z,9,6502.8
2026-06-30T23:26:28Z,0,6492.4
2026-06-30T23:26:28Z,1,6479.9
2026-06-30T23:26:28Z,2,6467.1
2026-06-30T23:26:29Z,3,6457.1
2026-06-30T23:26:29Z,4,6445.3
2026-06-30T23:26:29Z,5,6429.2
2026-06-30T23:26:29Z,6,6411.3
2026-06-30T23:26:29Z,7,6392.9
2026-06-30T23:26:29Z,8,6385.8
2026-06-30T23:26:29Z,9,6379.0
2026-06-30T23:26:29Z,0,6370.0
2026-06-30T23:26:29Z,1,6364.3
2026-06-30T23:26:29Z,2,6358.1
2026-06-30T23:26:30Z,3,6350.7
2026-06-30T23:26:30Z,4,6332.3
2026-06-30T23:26:30Z,5,6316.8
2026-06-30T23:26:30Z,6,6310.3
2026-06-30T23:26:30Z,7,6300.7
2026-06-30T23:26:30Z,8,6290.7
2026-06-30T23:26:30Z,9,6283.1
2026-06-30T23:26:30Z,0,6275.2
2026-06-30T23:26:30Z,1,6260.9
2026-06-30T23:26:30Z,2,6239.4
2026-06-30T23:26:31Z,3,6227.5
2026-06-30T23:26:31Z,4,6221.9
2026-06-30T23:26:31Z,5,6214.5
2026-06-30T23:26:31Z,6,6209.3
2026-06-30T23:26:31Z,7,6206.4
2026-06-30T23:26:31Z,8,6200.9
2026-06-30T23:26:31Z,9,6185.2
2026-06-30T23:26:31Z,0,6168.9
2026-06-30T23:26:31Z,1,6164.2
2026-06-30T23:26:31Z,2,6157.5
2026-06-30T23:26:32Z,3,6151.2
2026-06-30T23:26:32Z,4,6143.4
2026-06-30T23:26:32Z,5,6137.9
2026-06-30T23:26:32Z,6,6127.3
2026-06-30T23:26:32Z,7,6106.2
2026-06-30T23:26:32Z,8,6091.1
2026-06-30T23:26:32Z,9,6083.8
2026-06-30T23:26:32Z,0,6074.5
2026-06-30T23:26:32Z,1,6065.7
2026-06-30T23:26:32Z,2,6059.6
2026-06-30T23:26:33Z,3,6052.1
2026-06-30T23:26:33Z,4,6040.2
2026-06-30T23:26:33Z,5,6020.9
2026-06-30T23:26:33Z,6,6009.7
2026-06-30T23:26:33Z,7,6004.0
2026-06-30T23:26:33Z,8,5995.8
2026-06-30T23:26:33Z,9,5990.2
2026-06-30T23:26:33Z,0,5985.2
2026-06-30T23:26:33Z,1,5978.5
2026-06-30T23:26:33Z,2,5965.6
2026-06-30T23:26:34Z,3,5947.0
2026-06-30T23:26:34Z,4,5937.5
2026-06-30T23:26:34Z,5,5930.4
2026-06-30T23:26:34Z,6,5921.1
2026-06-30T23:26:34Z,7,5915.1
2026-06-30T23:26:34Z,8,5909.7
2026-06-30T23:26:34Z,9,5902.5
2026-06-30T23:26:34Z,0,5889.5
2026-06-30T23:26:34Z,1,5872.0
2026-06-30T23:26:34Z,2,5863.6
2026-06-30T23:26:35Z,3,5857.2
2026-06-30T23:26:35Z,4,5850.3
2026-06-30T23:26:35Z,5,5847.8
2026-06-30T23:26:35Z,6,5846.9
2026-06-30T23:26:35Z,7,5843.6
2026-06-30T23:26:35Z,8,5831.6
2026-06-30T23:26:35Z,9,5815.4
2026-06-30T23:26:35Z,0,5809.7
2026-06-30T23:26:35Z,1,5804.1
2026-06-30T23:26:35Z,2,5799.3
2026-06-30T23:26:36Z,3,5795.6
2026-06-30T23:26:36Z,4,5792.4
2026-06-30T23:26:36Z,5,5784.5
2026-06-30T23:26:36Z,6,5768.7
2026-06-30T23:26:36Z,7,5755.7
2026-06-30T23:26:36Z,8,5751.6
2026-06-30T23:26:36Z,9,5744.2
2026-06-30T23:26:36Z,0,5737.3
2026-06-30T23:26:36Z,1,5732.1
2026-06-30T23:26:36Z,2,5728.1
2026-06-30T23:26:37Z,3,5718.2
2026-06-30T23:26:37Z,4,5701.3
2026-06-30T23:26:37Z,5,5669.3
2026-06-30T23:26:37Z,6,5648.2
2026-06-30T23:26:37Z,7,5641.6
2026-06-30T23:26:37Z,8,5636.9
2026-06-30T23:26:37Z,9,5633.0
2026-06-30T23:26:37Z,0,5629.6
2026-06-30T23:26:37Z,1,5622.1
2026-06-30T23:26:37Z,2,5612.0
2026-06-30T23:26:38Z,3,5611.2
2026-06-30T23:26:38Z,4,5615.9
2026-06-30T23:26:38Z,5,5620.5
2026-06-30T23:26:38Z,6,5628.0
2026-06-30T23:26:38Z,7,5635.5
2026-06-30T23:26:38Z,8,5642.0
2026-06-30T23:26:38Z,9,5641.2
2026-06-30T23:26:38Z,0,5633.2
2026-06-30T23:26:38Z,1,5631.0
2026-06-30T23:26:38Z,2,5630.9
2026-06-30T23:26:39Z,3,5628.7
2026-06-30T23:26:39Z,4,5628.6
2026-06-30T23:26:39Z,5,5623.9
2026-06-30T23:26:39Z,6,5616.0
2026-06-30T23:26:39Z,7,5603.5
2026-06-30T23:26:39Z,8,5583.8
2026-06-30T23:26:39Z,9,5571.1
2026-06-30T23:26:39Z,0,5563.0
2026-06-30T23:26:39Z,1,5553.8
2026-06-30T23:26:39Z,2,5548.8
2026-06-30T23:26:40Z,3,5544.1
2026-06-30T23:26:40Z,4,5538.3
2026-06-30T23:26:40Z,5,5528.3
2026-06-30T23:26:40Z,6,5514.4
2026-06-30T23:26:40Z,7,5508.8
2026-06-30T23:26:40Z,8,5505.1
2026-06-30T23:26:40Z,9,5499.8
2026-06-30T23:26:40Z,0,5497.9
2026-06-30T23:26:40Z,1,5494.9
2026-06-30T23:26:40Z,2,5489.8
2026-06-30T23:26:41Z,3,5478.6
2026-06-30T23:26:41Z,4,5468.9
2026-06-30T23:26:41Z,5,5468.4
2026-06-30T23:26:41Z,6,5470.5
2026-06-30T23:26:41Z,7,5477.9
2026-06-30T23:26:41Z,8,5491.6
2026-06-30T23:26:41Z,9,5509.7
2026-06-30T23:26:41Z,0,5528.9
2026-06-30T23:26:41Z,1,5549.0
2026-06-30T23:26:41Z,2,5583.3
2026-06-30T23:26:42Z,3,5623.3
2026-06-30T23:26:42Z,4,5664.4
2026-06-30T23:26:42Z,5,5704.1
2026-06-30T23:26:42Z,6,5742.2
2026-06-30T23:26:42Z,7,5773.4
2026-06-30T23:26:42Z,8,5792.0
2026-06-30T23:26:42Z,9,5816.3
2026-06-30T23:26:42Z,0,5851.5
2026-06-30T23:26:42Z,1,5889.4
2026-06-30T23:26:42Z,2,5931.8
2026-06-30T23:26:43Z,3,5973.6
2026-06-30T23:26:43Z,4,6010.2
2026-06-30T23:26:43Z,5,6029.6
2026-06-30T23:26:43Z,6,6035.6
2026-06-30T23:26:43Z,7,6048.0
2026-06-30T23:26:43Z,8,6057.3
2026-06-30T23:26:43Z,9,6062.2
2026-06-30T23:26:43Z,0,6066.8
2026-06-30T23:26:43Z,1,6062.3
2026-06-30T23:26:43Z,2,6048.8
2026-06-30T23:26:44Z,3,6020.3
2026-06-30T23:26:44Z,4,5991.7
2026-06-30T23:26:44Z,5,5977.3
2026-06-30T23:26:44Z,6,5959.8
2026-06-30T23:26:44Z,7,5942.2
2026-06-30T23:26:44Z,8,5925.1
2026-06-30T23:26:44Z,9,5907.1
2026-06-30T23:26:44Z,0,5884.1
2026-06-30T23:26:44Z,1,5853.3
2026-06-30T23:26:44Z,2,5833.0
2026-06-30T23:26:45Z,3,5818.2
2026-06-30T23:26:45Z,4,5805.3
2026-06-30T23:26:45Z,5,5799.2
2026-06-30T23:26:45Z,6,5794.2
2026-06-30T23:26:45Z,7,5789.2
2026-06-30T23:26:45Z,8,5776.0
2026-06-30T23:26:45Z,9,5766.9
2026-06-30T23:26:45Z,0,5767.7
2026-06-30T23:26:45Z,1,5768.4
2026-06-30T23:26:45Z,2,5772.7
2026-06-30T23:26:46Z,3,5782.0
2026-06-30T23:26:46Z,4,5793.4
2026-06-30T23:26:46Z,5,5806.0
2026-06-30T23:26:46Z,6,5820.5
2026-06-30T23:26:46Z,7,5852.4
2026-06-30T23:26:46Z,8,5902.7
2026-06-30T23:26:46Z,9,5960.3
2026-06-30T23:26:46Z,0,6022.1
2026-06-30T23:26:46Z,1,6082.3
2026-06-30T23:26:46Z,2,6131.1
2026-06-30T23:26:47Z,3,6159.3
2026-06-30T23:26:47Z,4,6166.9
2026-06-30T23:26:47Z,5,6174.8
2026-06-30T23:26:47Z,6,6180.5
2026-06-30T23:26:47Z,7,6183.6
2026-06-30T23:26:47Z,8,6178.4
2026-06-30T23:26:47Z,9,6164.5
2026-06-30T23:26:47Z,0,6145.1
2026-06-30T23:26:47Z,1,6113.8
2026-06-30T23:26:47Z,2,6072.1
2026-06-30T23:26:48Z,3,6040.0
2026-06-30T23:26:48Z,4,6013.1
2026-06-30T23:26:48Z,5,5985.9
2026-06-30T23:26:48Z,6,5964.1
2026-06-30T23:26:48Z,7,5943.6
2026-06-30T23:26:48Z,8,5923.4
2026-06-30T23:26:48Z,9,5895.6
2026-06-30T23:26:48Z,0,5862.9
2026-06-30T23:26:48Z,1,5841.2
2026-06-30T23:26:48Z,2,5824.6
2026-06-30T23:26:49Z,3,5806.1
2026-06-30T23:26:49Z,4,5792.2
2026-06-30T23:26:49Z,5,5778.6
2026-06-30T23:26:49Z,6,5763.9
2026-06-30T23:26:49Z,7,5744.9
2026-06-30T23:26:49Z,8,5729.0
2026-06-30T23:26:49Z,9,5727.6
2026-06-30T23:26:49Z,0,5734.4
2026-06-30T23:26:49Z,1,5743.7
2026-06-30T23:26:49Z,2,5761.2
2026-06-30T23:26:50Z,3,5781.2
2026-06-30T23:26:50Z,4,5798.1
2026-06-30T23:26:50Z,5,5804.2
2026-06-30T23:26:50Z,6,5812.4
2026-06-30T23:26:50Z,7,5825.4
2026-06-30T23:26:50Z,8,5832.6
2026-06-30T23:26:50Z,9,5836.5
2026-06-30T23:26:50Z,0,5837.8
2026-06-30T23:26:50Z,1,5834.8
2026-06-30T23:26:50Z,2,5821.9
2026-06-30T23:26:51Z,3,5798.5
2026-06-30T23:26:51Z,4,5783.0
2026-06-30T23:26:51Z,5,5769.1
2026-06-30T23:26:51Z,6,5754.5
2026-06-30T23:26:51Z,7,5741.1
2026-06-30T23:26:51Z,8,5729.4
2026-06-30T23:26:51Z,9,5716.5
2026-06-30T23:26:51Z,0,5697.1
2026-06-30T23:26:51Z,1,5678.9
2026-06-30T23:26:51Z,2,5669.1
2026-06-30T23:26:52Z,3,5659.2
2026-06-30T23:26:52Z,4,5650.9
2026-06-30T23:26:52Z,5,5646.0
2026-06-30T23:26:52Z,6,5641.9
2026-06-30T23:26:52Z,7,5634.9
2026-06-30T23:26:52Z,8,5623.9
2026-06-30T23:26:52Z,9,5619.1
2026-06-30T23:26:52Z,0,5619.6
2026-06-30T23:26:52Z,1,5618.5
2026-06-30T23:26:52Z,2,5621.7
2026-06-30T23:26:53Z,3,5630.3
2026-06-30T23:26:53Z,4,5641.9
2026-06-30T23:26:53Z,5,5650.8
2026-06-30T23:26:53Z,6,5664.8
2026-06-30T23:26:53Z,7,5692.3
2026-06-30T23:26:53Z,8,5727.3
2026-06-30T23:26:53Z,9,5766.8
2026-06-30T23:26:53Z,0,5807.5
2026-06-30T23:26:53Z,1,5849.4
2026-06-30T23:26:53Z,2,5880.4
2026-06-30T23:26:54Z,3,5906.9
2026-06-30T23:26:54Z,4,5947.9
2026-06-30T23:26:54Z,5,5989.3
2026-06-30T23:26:54Z,6,6027.9
2026-06-30T23:26:54Z,7,6067.8
2026-06-30T23:26:54Z,8,6104.1
2026-06-30T23:26:54Z,9,6124.0
2026-06-30T23:26:54Z,0,6130.7
2026-06-30T23:26:54Z,1,6139.1
2026-06-30T23:26:54Z,2,6143.4
2026-06-30T23:26:55Z,3,6140.8
2026-06-30T23:26:55Z,4,6136.1
2026-06-30T23:26:55Z,5,6126.2
2026-06-30T23:26:55Z,6,6102.6
2026-06-30T23:26:55Z,7,6066.0
2026-06-30T23:26:55Z,8,6035.0
2026-06-30T23:26:55Z,9,6011.1
2026-06-30T23:26:55Z,0,5986.5
2026-06-30T23:26:55Z,1,5963.5
2026-06-30T23:26:55Z,2,5941.0
2026-06-30T23:26:56Z,3,5916.3
2026-06-30T23:26:56Z,4,5883.0
2026-06-30T23:26:56Z,5,5855.0
2026-06-30T23:26:56Z,6,5837.0
2026-06-30T23:26:56Z,7,5819.6
2026-06-30T23:26:56Z,8,5804.5
2026-06-30T23:26:56Z,9,5791.6
2026-06-30T23:26:56Z,0,5780.1
2026-06-30T23:26:56Z,1,5764.5
2026-06-30T23:26:56Z,2,5747.1
2026-06-30T23:26:57Z,3,5738.5
2026-06-30T23:26:57Z,4,5736.2
2026-06-30T23:26:57Z,5,5736.1
2026-06-30T23:26:57Z,6,5738.6
2026-06-30T23:26:57Z,7,5741.5
2026-06-30T23:26:57Z,8,5743.1
2026-06-30T23:26:57Z,9,5736.6
2026-06-30T23:26:57Z,0,5727.6
2026-06-30T23:26:57Z,1,5723.7
2026-06-30T23:26:57Z,2,5719.9
2026-06-30T23:26:58Z,3,5715.1
2026-06-30T23:26:58Z,4,5709.6
2026-06-30T23:26:58Z,5,5705.9
2026-06-30T23:26:58Z,6,5697.2
2026-06-30T23:26:58Z,7,5681.8
2026-06-30T23:26:58Z,8,5670.6
2026-06-30T23:26:58Z,9,5664.8
2026-06-30T23:26:58Z,0,5658.2
2026-06-30T23:26:58Z,1,5655.0
2026-06-30T23:26:58Z,2,5653.7
2026-06-30T23:26:59Z,3,5655.7
2026-06-30T23:26:59Z,4,5653.8
2026-06-30T23:26:59Z,5,5651.1
2026-06-30T23:26:59Z,6,5658.5
2026-06-30T23:26:59Z,7,5668.9
2026-06-30T23:26:59Z,8,5679.4
2026-06-30T23:26:59Z,9,5692.5
2026-06-30T23:26:59Z,0,5704.3
2026-06-30T23:26:59Z,1,5709.5
2026-06-30T23:26:59Z,2,5706.0
2026-06-30T23:27:00Z,3,5702.5
2026-06-30T23:27:00Z,4,5702.8
2026-06-30T23:27:00Z,5,5700.6
2026-06-30T23:27:00Z,6,5696.8
2026-06-30T23:27:00Z,7,5692.6
2026-06-30T23:27:00Z,8,5687.1
2026-06-30T23:27:00Z,9,5675.8
2026-06-30T23:27:00Z,0,5656.3
2026-06-30T23:27:00Z,1,5641.5
2026-06-30T23:27:00Z,2,5630.6
2026-06-30T23:27:01Z,3,5619.9
2026-06-30T23:27:01Z,4,5611.4
2026-06-30T23:27:01Z,5,5603.8
2026-06-30T23:27:01Z,6,5596.4
2026-06-30T23:27:01Z,7,5583.7
2026-06-30T23:27:01Z,8,5566.5
2026-06-30T23:27:01Z,9,5556.5
2026-06-30T23:27:01Z,0,5549.3
2026-06-30T23:27:01Z,1,5541.6
2026-06-30T23:27:01Z,2,5538.7
2026-06-30T23:27:02Z,3,5536.1
2026-06-30T23:27:02Z,4,5530.9
2026-06-30T23:27:02Z,5,5519.2
2026-06-30T23:27:02Z,6,5507.2
2026-06-30T23:27:02Z,7,5501.5
2026-06-30T23:27:02Z,8,5496.3
2026-06-30T23:27:02Z,9,5490.6
2026-06-30T23:27:02Z,0,5487.4
2026-06-30T23:27:02Z,1,5484.2
2026-06-30T23:27:02Z,2,5480.1
2026-06-30T23:27:03Z,3,5470.8
2026-06-30T23:27:03Z,4,5467.8
2026-06-30T23:27:03Z,5,5471.2
2026-06-30T23:27:03Z,6,5479.7
2026-06-30T23:27:03Z,7,5495.7
2026-06-30T23:27:03Z,8,5519.2
2026-06-30T23:27:03Z,9,5546.8
2026-06-30T23:27:03Z,0,5574.6
2026-06-30T23:27:03Z,1,5605.6
2026-06-30T23:27:03Z,2,5653.1
2026-06-30T23:27:04Z,3,5713.6
2026-06-30T23:27:04Z,4,5777.9
2026-06-30T23:27:04Z,5,5839.2
2026-06-30T23:27:04Z,6,5897.0
2026-06-30T23:27:04Z,7,5942.9
2026-06-30T23:27:04Z,8,5970.1
2026-06-30T23:27:04Z,9,5989.8
2026-06-30T23:27:04Z,0,6006.0
2026-06-30T23:27:04Z,1,6010.2
2026-06-30T23:27:04Z,2,6008.6
2026-06-30T23:27:05Z,3,6001.8
2026-06-30T23:27:05Z,4,5989.7
2026-06-30T23:27:05Z,5,5967.1
2026-06-30T23:27:05Z,6,5935.8
2026-06-30T23:27:05Z,7,5910.1
2026-06-30T23:27:05Z,8,5888.9
2026-06-30T23:27:05Z,9,5869.0
2026-06-30T23:27:05Z,0,5849.8
2026-06-30T23:27:05Z,1,5829.5
2026-06-30T23:27:05Z,2,5811.1
2026-06-30T23:27:06Z,3,5785.4
2026-06-30T23:27:06Z,4,5760.5
2026-06-30T23:27:06Z,5,5743.1
2026-06-30T23:27:06Z,6,5727.7
2026-06-30T23:27:06Z,7,5714.0
2026-06-30T23:27:06Z,8,5702.7
2026-06-30T23:27:06Z,9,5692.3
2026-06-30T23:27:06Z,0,5680.3
2026-06-30T23:27:06Z,1,5661.0
2026-06-30T23:27:06Z,2,5647.2
2026-06-30T23:27:07Z,3,5638.0
2026-06-30T23:27:07Z,4,5628.1
2026-06-30T23:27:07Z,5,5620.7
2026-06-30T23:27:07Z,6,5614.5
2026-06-30T23:27:07Z,7,5607.0
2026-06-30T23:27:07Z,8,5594.2
2026-06-30T23:27:07Z,9,5580.3
2026-06-30T23:27:07Z,0,5572.2
2026-06-30T23:27:07Z,1,5564.3
2026-06-30T23:27:07Z,2,5557.9
2026-06-30T23:27:08Z,3,5552.6
2026-06-30T23:27:08Z,4,5548.3
2026-06-30T23:27:08Z,5,5540.5
2026-06-30T23:27:08Z,6,5529.8
2026-06-30T23:27:08Z,7,5525.1
2026-06-30T23:27:08Z,8,5523.0
2026-06-30T23:27:08Z,9,5519.3
2026-06-30T23:27:08Z,0,5516.7
2026-06-30T23:27:08Z,1,5513.2
2026-06-30T23:27:08Z,2,5509.2
2026-06-30T23:27:09Z,3,5498.0
2026-06-30T23:27:09Z,4,5487.5
2026-06-30T23:27:09Z,5,5482.9
2026-06-30T23:27:09Z,6,5477.6
2026-06-30T23:27:09Z,7,5473.2
2026-06-30T23:27:09Z,8,5470.9
2026-06-30T23:27:09Z,9,5468.0
2026-06-30T23:27:09Z,0,5462.8
2026-06-30T23:27:09Z,1,5450.5
2026-06-30T23:27:09Z,2,5443.5
2026-06-30T23:27:10Z,3,5440.2
2026-06-30T23:27:10Z,4,5435.0
2026-06-30T23:27:10Z,5,5431.8
2026-06-30T23:27:10Z,6,5429.4
2026-06-30T23:27:10Z,7,5426.5
2026-06-30T23:27:10Z,8,5418.4
2026-06-30T23:27:10Z,9,5409.7
2026-06-30T23:27:10Z,0,5407.8
2026-06-30T23:27:10Z,1,5406.7
2026-06-30T23:27:10Z,2,5404.7
2026-06-30T23:27:11Z,3,5405.2
2026-06-30T23:27:11Z,4,5404.9
2026-06-30T23:27:11Z,5,5403.1
2026-06-30T23:27:11Z,6,5394.9
2026-06-30T23:27:11Z,7,5388.9
2026-06-30T23:27:11Z,8,5388.2
2026-06-30T23:27:11Z,9,5385.5
2026-06-30T23:27:11Z,0,5384.3
2026-06-30T23:27:11Z,1,5383.4
2026-06-30T23:27:11Z,2,5381.7
2026-06-30T23:27:12Z,3,5376.6
2026-06-30T23:27:12Z,4,5368.3
2026-06-30T23:27:12Z,5,5367.9
2026-06-30T23:27:12Z,6,5368.9
2026-06-30T23:27:12Z,7,5370.0
2026-06-30T23:27:12Z,8,5374.8
2026-06-30T23:27:12Z,9,5382.8
2026-06-30T23:27:12Z,0,5391.3
2026-06-30T23:27:12Z,1,5395.6
2026-06-30T23:27:12Z,2,5408.3
2026-06-30T23:27:13Z,3,5429.0
2026-06-30T23:27:13Z,4,5449.2
2026-06-30T23:27:13Z,5,5469.8
2026-06-30T23:27:13Z,6,5493.0
2026-06-30T23:27:13Z,7,5519.1
2026-06-30T23:27:13Z,8,5540.7
2026-06-30T23:27:13Z,9,5557.2
2026-06-30T23:27:13Z,0,5582.6
2026-06-30T23:27:13Z,1,5608.2
2026-06-30T23:27:13Z,2,5632.9
2026-06-30T23:27:14Z,3,5659.2
2026-06-30T23:27:14Z,4,5681.1
2026-06-30T23:27:14Z,5,5694.2
2026-06-30T23:27:14Z,6,5696.6
2026-06-30T23:27:14Z,7,5704.1
2026-06-30T23:27:14Z,8,5715.5
2026-06-30T23:27:14Z,9,5722.8
2026-06-30T23:27:14Z,0,5727.8
2026-06-30T23:27:14Z,1,5732.4
2026-06-30T23:27:14Z,2,5735.6
2026-06-30T23:27:15Z,3,5726.9
2026-06-30T23:27:15Z,4,5707.7
2026-06-30T23:27:15Z,5,5697.1
2026-06-30T23:27:15Z,6,5690.1
2026-06-30T23:27:15Z,7,5686.0
2026-06-30T23:27:15Z,8,5685.3
2026-06-30T23:27:15Z,9,5689.1
2026-06-30T23:27:15Z,0,5690.8
2026-06-30T23:27:15Z,1,5690.6
2026-06-30T23:27:15Z,2,5727.2
2026-06-30T23:27:16Z,3,5781.6
2026-06-30T23:27:16Z,4,5838.9
2026-06-30T23:27:16Z,5,5890.2
2026-06-30T23:27:16Z,6,5912.1
2026-06-30T23:27:16Z,7,5928.9
2026-06-30T23:27:16Z,8,5953.0
2026-06-30T23:27:16Z,9,5968.0
2026-06-30T23:27:16Z,0,5979.9
2026-06-30T23:27:16Z,1,5984.8
2026-06-30T23:27:16Z,2,5987.0
2026-06-30T23:27:17Z,3,5992.6
2026-06-30T23:27:17Z,4,6000.4
2026-06-30T23:27:17Z,5,6006.4
2026-06-30T23:27:17Z,6,6009.4
2026-06-30T23:27:17Z,7,6018.6
2026-06-30T23:27:17Z,8,6043.8
2026-06-30T23:27:17Z,9,6079.7
2026-06-30T23:27:17Z,0,6134.9
2026-06-30T23:27:17Z,1,6204.7
2026-06-30T23:27:17Z,2,6276.8
2026-06-30T23:27:18Z,3,6350.1
2026-06-30T23:27:18Z,4,6419.5
2026-06-30T23:27:18Z,5,6491.2
2026-06-30T23:27:18Z,6,6553.6
2026-06-30T23:27:18Z,7,6617.1
2026-06-30T23:27:18Z,8,6681.1
2026-06-30T23:27:18Z,9,6739.8
2026-06-30T23:27:18Z,0,6772.7
2026-06-30T23:27:18Z,1,6783.3
2026-06-30T23:27:18Z,2,6799.1
2026-06-30T23:27:19Z,3,6811.8
2026-06-30T23:27:19Z,4,6816.7
2026-06-30T23:27:19Z,5,6817.2
2026-06-30T23:27:19Z,6,6808.7
2026-06-30T23:27:19Z,7,6785.8
2026-06-30T23:27:19Z,8,6745.9
2026-06-30T23:27:19Z,9,6714.7
2026-06-30T23:27:19Z,0,6695.0
2026-06-30T23:27:19Z,1,6675.8
2026-06-30T23:27:19Z,2,6663.4
