Time (s),Raw Conductance (uS),Filtered Conductance (uS),Tonic Baseline (uS),Phasic Response (uS),IsPeak,PeakAmplitude,PeakLabel,Latitude,Longitude
0.000,5.0844,5.0844,4.4843,0.6001,0,,"",,
0.100,5.0785,5.0785,4.4906,0.5879,0,,"",,
0.200,5.0640,5.0640,4.4972,0.5668,0,,"",,
0.300,5.0481,5.0481,4.5041,0.5440,0,,"",,
0.400,5.0378,5.0378,4.5112,0.5266,0,,"",,
0.501,5.0278,5.0278,4.5185,0.5093,0,,"",,
0.601,5.0187,5.0187,4.5260,0.4927,0,,"",,
0.701,5.0099,5.0099,4.5337,0.4762,0,,"",,
0.801,4.9988,4.9988,4.5414,0.4574,0,,"",,
0.901,4.9868,4.9868,4.5493,0.4375,0,,"",,
1.001,4.9758,4.9758,4.5574,0.4184,0,,"",,
1.101,4.9663,4.9663,4.5655,0.4008,0,,"",,
1.201,4.9570,4.9570,4.5738,0.3832,0,,"",,
1.302,4.9481,4.9481,4.5821,0.3660,0,,"",,
1.402,4.9388,4.9388,4.5906,0.3482,0,,"",,
1.502,4.9280,4.9280,4.5991,0.3289,0,,"",,
1.602,4.9148,4.9148,4.6077,0.3071,0,,"",,
1.702,4.9007,4.9007,4.6164,0.2843,0,,"",,
1.802,4.8872,4.8872,4.6252,0.2620,0,,"",,
1.902,4.8765,4.8765,4.6340,0.2425,0,,"",,
2.002,4.8664,4.8664,4.6428,0.2236,0,,"",,
2.103,4.8569,4.8569,4.6518,0.2051,0,,"",,
2.203,4.8479,4.8479,4.6608,0.1871,0,,"",,
2.303,4.8387,4.8387,4.6698,0.1689,0,,"",,
2.403,4.8305,4.8305,4.6789,0.1516,0,,"",,
2.503,4.8269,4.8269,4.6881,0.1388,0,,"",,
2.603,4.8271,4.8271,4.7044,0.1227,0,,"",,
2.703,4.8296,4.8296,4.7209,0.1087,0,,"",,
2.803,4.8369,4.8369,4.7376,0.0993,0,,"",,
2.904,4.8478,4.8478,4.7545,0.0933,0,,"",,
3.004,4.8609,4.8609,4.7716,0.0893,0,,"",,
3.104,4.8785,4.8785,4.7888,0.0897,0,,"",,
3.204,4.8985,4.8985,4.8063,0.0922,0,,"",,
3.304,4.9130,4.9130,4.8239,0.0891,0,,"",,
3.404,4.9226,4.9226,4.8416,0.0810,0,,"",,
3.504,4.9326,4.9326,4.8595,0.0731,0,,"",,
3.604,4.9488,4.9488,4.8776,0.0712,0,,"",,
3.705,4.9647,4.9647,4.8958,0.0689,0,,"",,
3.805,4.9697,4.9697,4.9142,0.0555,0,,"",,
3.905,4.9704,4.9704,4.9327,0.0377,0,,"",,
4.005,4.9731,4.9731,4.9513,0.0218,0,,"",,
4.105,4.9778,4.9778,4.9701,0.0077,0,,"",,
4.205,4.9891,4.9891,4.9891,0.0000,0,,"",,
4.305,5.0087,5.0087,5.0083,0.0004,0,,"",,
4.405,5.0323,5.0323,5.0276,0.0047,0,,"",,
4.506,5.0624,5.0624,5.0472,0.0152,0,,"",,
4.606,5.1001,5.1001,5.0669,0.0332,0,,"",,
4.706,5.1514,5.1514,5.0869,0.0645,0,,"",,
4.806,5.2148,5.2148,5.1072,0.1076,0,,"",,
4.906,5.2726,5.2726,5.1277,0.1449,0,,"",,
5.006,5.3341,5.3341,5.1485,0.1856,0,,"",,
5.106,5.4009,5.4009,5.1695,0.2314,0,,"",,
5.206,5.4727,5.4727,5.1906,0.2821,0,,"",,
5.307,5.5534,5.5534,5.2118,0.3416,0,,"",,
5.407,5.6465,5.6465,5.2330,0.4135,0,,"",,
5.507,5.7493,5.7493,5.2543,0.4950,0,,"",,
5.607,5.8647,5.8647,5.2757,0.5890,0,,"",,
5.707,5.9882,5.9882,5.2972,0.6910,0,,"",,
5.807,6.1137,6.1137,5.3188,0.7949,0,,"",,
5.907,6.2246,6.2246,5.3404,0.8842,0,,"",,
6.007,6.3343,6.3343,5.3621,0.9722,0,,"",,
6.108,6.4312,6.4312,5.3839,1.0473,0,,"",,
6.208,6.5153,6.5153,5.4057,1.1096,0,,"",,
6.308,6.5830,6.5830,5.4276,1.1554,0,,"",,
6.408,6.6317,6.6317,5.4495,1.1822,0,,"",,
6.508,6.6608,6.6608,5.4714,1.1894,1,1.1894,"",,
6.608,6.6798,6.6798,5.4934,1.1864,0,,"",,
6.708,6.6930,6.6930,5.5155,1.1775,0,,"",,
6.808,6.7039,6.7039,5.5377,1.1662,0,,"",,
6.909,6.7172,6.7172,5.5599,1.1573,0,,"",,
7.009,6.7408,6.7408,5.5824,1.1584,0,,"",,
7.109,6.7712,6.7712,5.6049,1.1663,0,,"",,
7.209,6.8035,6.8035,5.6277,1.1758,0,,"",,
7.309,6.8490,6.8490,5.6506,1.1984,0,,"",,
7.409,6.9064,6.9064,5.6738,1.2326,0,,"",,
7.509,6.9698,6.9698,5.6972,1.2726,0,,"",,
7.609,7.0349,7.0349,5.7209,1.3140,0,,"",,
7.710,7.0984,7.0984,5.7449,1.3535,0,,"",,
7.810,7.1566,7.1566,5.7690,1.3876,0,,"",,
7.910,7.2032,7.2032,5.7934,1.4098,0,,"",,
8.010,7.2514,7.2514,5.8180,1.4334,0,,"",,
8.110,7.3002,7.3002,5.8427,1.4575,0,,"",,
8.210,7.3481,7.3481,5.8677,1.4804,0,,"",,
8.310,7.3926,7.3926,5.8928,1.4998,0,,"",,
8.410,7.4282,7.4282,5.9181,1.5101,1,0.3528,"",,
8.511,7.4462,7.4462,5.9436,1.5026,0,,"",,
8.611,7.4532,7.4532,5.9692,1.4840,0,,"",,
8.711,7.4530,7.4530,5.9950,1.4580,0,,"",,
8.811,7.4390,7.4390,6.0209,1.4181,0,,"",,
8.911,7.4175,7.4175,6.0469,1.3706,0,,"",,
9.011,7.3912,7.3912,6.0731,1.3181,0,,"",,
9.111,7.3540,7.3540,6.0993,1.2547,0,,"",,
9.211,7.3025,7.3025,6.1257,1.1768,0,,"",,
9.312,7.2477,7.2477,6.1522,1.0955,0,,"",,
9.412,7.1947,7.1947,6.1788,1.0159,0,,"",,
9.512,7.1439,7.1439,6.2054,0.9385,0,,"",,
9.612,7.0979,7.0979,6.2321,0.8658,0,,"",,
9.712,7.0540,7.0540,6.2587,0.7953,0,,"",,
9.812,7.0057,7.0057,6.2854,0.7203,0,,"",,
9.912,6.9604,6.9604,6.3120,0.6484,0,,"",,
10.012,6.9172,6.9172,6.3386,0.5786,0,,"",,
10.113,6.8809,6.8809,6.3650,0.5159,0,,"",,
10.213,6.8499,6.8499,6.3914,0.4585,0,,"",,
10.313,6.8246,6.8246,6.4177,0.4069,0,,"",,
10.413,6.8024,6.8024,6.4439,0.3585,0,,"",,
10.513,6.7833,6.7833,6.4700,0.3133,0,,"",,
10.613,6.7772,6.7772,6.4959,0.2813,0,,"",,
10.713,6.7971,6.7971,6.5218,0.2753,0,,"",,
10.813,6.8480,6.8480,6.5474,0.3006,0,,"",,
10.914,6.9282,6.9282,6.5728,0.3554,0,,"",,
11.014,7.0483,7.0483,6.5979,0.4504,0,,"",,
11.114,7.1935,7.1935,6.6228,0.5707,0,,"",,
11.214,7.3549,7.3549,6.6472,0.7077,0,,"",,
11.314,7.5243,7.5243,6.6713,0.8530,0,,"",,
11.414,7.6967,7.6967,6.6949,1.0018,0,,"",,
11.514,7.8588,7.8588,6.7179,1.1409,0,,"",,
11.614,8.0079,8.0079,6.7404,1.2675,0,,"",,
11.715,8.1414,8.1414,6.7622,1.3792,0,,"",,
11.815,8.2544,8.2544,6.7834,1.4710,0,,"",,
11.915,8.3386,8.3386,6.8041,1.5345,0,,"",,
12.015,8.4159,8.4159,6.8242,1.5917,0,,"",,
12.115,8.4818,8.4818,6.8437,1.6381,0,,"",,
12.215,8.5296,8.5296,6.8627,1.6669,0,,"",,
12.315,8.5563,8.5563,6.8811,1.6752,1,1.3999,"",,
12.415,8.5650,8.5650,6.8990,1.6660,0,,"",,
12.516,8.5532,8.5532,6.9163,1.6369,0,,"",,
12.616,8.5285,8.5285,6.9332,1.5953,0,,"",,
12.716,8.4985,8.4985,6.9495,1.5490,0,,"",,
12.816,8.4592,8.4592,6.9654,1.4938,0,,"",,
12.916,8.4155,8.4155,6.9808,1.4347,0,,"",,
13.016,8.3679,8.3679,6.9958,1.3721,0,,"",,
13.116,8.3180,8.3180,7.0103,1.3077,0,,"",,
13.216,8.2654,8.2654,7.0244,1.2410,0,,"",,
13.317,8.2200,8.2200,7.0382,1.1818,0,,"",,
13.417,8.1833,8.1833,7.0515,1.1318,0,,"",,
13.517,8.1567,8.1567,7.0646,1.0921,0,,"",,
13.617,8.1388,8.1388,7.0772,1.0616,0,,"",,
13.717,8.1239,8.1239,7.0896,1.0343,0,,"",,
13.817,8.1054,8.1054,7.1017,1.0037,0,,"",,
13.917,8.0925,8.0925,7.1135,0.9790,0,,"",,
14.017,8.0908,8.0908,7.1252,0.9656,0,,"",,
14.118,8.0973,8.0973,7.1367,0.9606,0,,"",,
14.218,8.1089,8.1089,7.1479,0.9610,0,,"",,
14.318,8.1287,8.1287,7.1588,0.9699,0,,"",,
14.418,8.1465,8.1465,7.1695,0.9770,0,,"",,
14.518,8.1561,8.1561,7.1798,0.9763,0,,"",,
14.618,8.1682,8.1682,7.1900,0.9782,0,,"",,
14.718,8.1844,8.1844,7.1999,0.9845,0,,"",,
14.818,8.1999,8.1999,7.2096,0.9903,0,,"",,
14.919,8.2147,8.2147,7.2192,0.9955,0,,"",,
15.019,8.2307,8.2307,7.2285,1.0022,0,,"",,
15.119,8.2381,8.2381,7.2378,1.0003,0,,"",,
15.219,8.2381,8.2381,7.2470,0.9911,0,,"",,
15.319,8.2427,8.2427,7.2562,0.9865,0,,"",,
15.419,8.2498,8.2498,7.2653,0.9845,0,,"",,
15.519,8.2569,8.2569,7.2746,0.9823,0,,"",,
15.619,8.2649,8.2649,7.2839,0.9810,0,,"",,
15.720,8.2717,8.2717,7.2934,0.9783,0,,"",,
15.820,8.2711,8.2711,7.3030,0.9681,0,,"",,
15.920,8.2656,8.2656,7.3127,0.9529,0,,"",,
16.020,8.2616,8.2616,7.3226,0.9390,0,,"",,
16.120,8.2559,8.2559,7.3327,0.9232,0,,"",,
16.220,8.2469,8.2469,7.3429,0.9040,0,,"",,
16.320,8.2373,8.2373,7.3533,0.8840,0,,"",,
16.420,8.2270,8.2270,7.3638,0.8632,0,,"",,
16.521,8.2102,8.2102,7.3745,0.8357,0,,"",,
16.621,8.1875,8.1875,7.3854,0.8021,0,,"",,
16.721,8.1654,8.1654,7.3965,0.7689,0,,"",,
16.821,8.1419,8.1419,7.4077,0.7342,0,,"",,
16.921,8.1192,8.1192,7.4192,0.7000,0,,"",,
17.021,8.0973,8.0973,7.4308,0.6665,0,,"",,
17.121,8.0762,8.0762,7.4425,0.6337,0,,"",,
17.221,8.0547,8.0547,7.4544,0.6003,0,,"",,
17.322,8.0298,8.0298,7.4665,0.5633,0,,"",,
17.422,8.0055,8.0055,7.4787,0.5268,0,,"",,
17.522,7.9878,7.9878,7.4910,0.4968,0,,"",,
17.622,7.9738,7.9738,7.5035,0.4703,0,,"",,
17.722,7.9651,7.9651,7.5161,0.4490,0,,"",,
17.822,7.9633,7.9633,7.5288,0.4345,0,,"",,
17.922,7.9689,7.9689,7.5417,0.4272,0,,"",,
18.022,7.9792,7.9792,7.5545,0.4247,0,,"",,
18.123,7.9933,7.9933,7.5675,0.4258,0,,"",,
18.223,8.0150,8.0150,7.5805,0.4345,0,,"",,
18.323,8.0417,8.0417,7.5937,0.4480,0,,"",,
18.423,8.0669,8.0669,7.6070,0.4599,0,,"",,
18.523,8.0900,8.0900,7.6206,0.4694,0,,"",,
18.623,8.1069,8.1069,7.6344,0.4725,0,,"",,
18.723,8.1152,8.1152,7.6483,0.4669,0,,"",,
18.823,8.1122,8.1122,7.6625,0.4497,0,,"",,
18.924,8.1034,8.1034,7.6769,0.4265,0,,"",,
19.024,8.0948,8.0948,7.6915,0.4033,0,,"",,
19.124,8.0837,8.0837,7.7062,0.3775,0,,"",,
19.224,8.0687,8.0687,7.7211,0.3476,0,,"",,
19.324,8.0503,8.0503,7.7362,0.3141,0,,"",,
19.424,8.0296,8.0296,7.7514,0.2782,0,,"",,
19.524,8.0050,8.0050,7.7668,0.2382,0,,"",,
19.624,7.9793,7.9793,7.7823,0.1970,0,,"",,
19.725,7.9621,7.9621,7.7979,0.1642,0,,"",,
19.825,7.9611,7.9611,7.8136,0.1475,0,,"",,
19.925,7.9797,7.9797,7.8294,0.1503,0,,"",,
20.025,8.0225,8.0225,7.8454,0.1771,0,,"",,
20.125,8.0882,8.0882,7.8614,0.2268,0,,"",,
20.225,8.1746,8.1746,7.8775,0.2971,0,,"",,
20.325,8.2738,8.2738,7.8936,0.3802,0,,"",,
20.425,8.3743,8.3743,7.9099,0.4644,0,,"",,
20.525,8.4772,8.4772,7.9262,0.5510,0,,"",,
20.626,8.5746,8.5746,7.9425,0.6321,0,,"",,
20.726,8.6656,8.6656,7.9590,0.7066,0,,"",,
20.826,8.7518,8.7518,7.9754,0.7764,0,,"",,
20.926,8.8216,8.8216,7.9919,0.8297,0,,"",,
21.026,8.8863,8.8863,8.0084,0.8779,0,,"",,
21.126,8.9528,8.9528,8.0249,0.9279,0,,"",,
21.226,9.0311,9.0311,8.0415,0.9896,0,,"",,
21.326,9.1147,9.1147,8.0580,1.0567,0,,"",,
21.427,9.1997,9.1997,8.0745,1.1252,0,,"",,
21.527,9.2817,9.2817,8.0911,1.1906,0,,"",,
21.627,9.3526,9.3526,8.1076,1.2450,0,,"",,
21.727,9.4073,9.4073,8.1240,1.2833,0,,"",,
21.827,9.4569,9.4569,8.1405,1.3164,0,,"",,
21.927,9.4970,9.4970,8.1569,1.3401,0,,"",,
22.027,9.5271,9.5271,8.1732,1.3539,0,,"",,
22.127,9.5468,9.5468,8.1895,1.3573,1,1.2098,"",,
22.228,9.5548,9.5548,8.2058,1.3490,0,,"",,
22.328,9.5428,9.5428,8.2220,1.3208,0,,"",,
22.428,9.5141,9.5141,8.2380,1.2761,0,,"",,
22.528,9.4817,9.4817,8.2539,1.2278,0,,"",,
22.628,9.4424,9.4424,8.2697,1.1727,0,,"",,
22.728,9.3958,9.3958,8.2853,1.1105,0,,"",,
22.828,9.3434,9.3434,8.3007,1.0427,0,,"",,
22.928,9.2875,9.2875,8.3159,0.9716,0,,"",,
23.029,9.2194,9.2194,8.3309,0.8885,0,,"",,
23.129,9.1491,9.1491,8.3457,0.8034,0,,"",,
23.229,9.0854,9.0854,8.3604,0.7250,0,,"",,
23.329,9.0271,9.0271,8.3748,0.6523,0,,"",,
23.429,8.9742,8.9742,8.3891,0.5851,0,,"",,
23.529,8.9235,8.9235,8.4032,0.5203,0,,"",,
23.629,8.8729,8.8729,8.4171,0.4558,0,,"",,
23.729,8.8187,8.8187,8.4309,0.3878,0,,"",,
23.830,8.7624,8.7624,8.4445,0.3179,0,,"",,
23.930,8.7140,8.7140,8.4579,0.2561,0,,"",,
24.030,8.6658,8.6658,8.4712,0.1946,0,,"",,
24.130,8.6212,8.6212,8.4843,0.1369,0,,"",,
24.230,8.5846,8.5846,8.4972,0.0874,0,,"",,
24.330,8.5573,8.5573,8.5100,0.0473,0,,"",,
24.430,8.5379,8.5379,8.5227,0.0152,0,,"",,
24.530,8.5352,8.5352,8.5352,0.0000,0,,"",,
24.631,8.5653,8.5653,8.5476,0.0177,0,,"",,
24.731,8.6347,8.6347,8.5599,0.0748,0,,"",,
24.831,8.7522,8.7522,8.5720,0.1802,0,,"",,
24.931,8.8931,8.8931,8.5841,0.3090,0,,"",,
25.031,9.0512,9.0512,8.5960,0.4552,0,,"",,
25.131,9.2113,9.2113,8.6078,0.6035,0,,"",,
25.231,9.3759,9.3759,8.6196,0.7563,0,,"",,
25.331,9.5278,9.5278,8.6312,0.8966,0,,"",,
25.432,9.6625,9.6625,8.6428,1.0197,0,,"",,
25.532,9.7755,9.7755,8.6543,1.1212,0,,"",,
25.632,9.8634,9.8634,8.6657,1.1977,0,,"",,
25.732,9.9228,9.9228,8.6770,1.2458,0,,"",,
25.832,9.9565,9.9565,8.6882,1.2683,0,,"",,
25.932,9.9736,9.9736,8.6994,1.2742,1,1.2742,"",,
26.032,9.9783,9.9783,8.7105,1.2678,0,,"",,
26.132,9.9676,9.9676,8.7216,1.2460,0,,"",,
26.233,9.9453,9.9453,8.7326,1.2127,0,,"",,
26.333,9.9104,9.9104,8.7435,1.1669,0,,"",,
26.433,9.8625,9.8625,8.7545,1.1080,0,,"",,
26.533,9.8018,9.8018,8.7654,1.0364,0,,"",,
26.633,9.7436,9.7436,8.7762,0.9674,0,,"",,
26.733,9.6894,9.6894,8.7871,0.9023,0,,"",,
26.833,9.6364,9.6364,8.7980,0.8384,0,,"",,
26.933,9.5962,9.5962,8.8090,0.7872,0,,"",,
27.034,9.5627,9.5627,8.8201,0.7426,0,,"",,
27.134,9.5307,9.5307,8.8312,0.6995,0,,"",,
27.234,9.4965,9.4965,8.8423,0.6542,0,,"",,
27.334,9.4690,9.4690,8.8536,0.6154,0,,"",,
27.434,9.4526,9.4526,8.8649,0.5877,0,,"",,
27.534,9.4399,9.4399,8.8763,0.5636,0,,"",,
27.634,9.4244,9.4244,8.8878,0.5366,0,,"",,
27.734,9.4017,9.4017,8.8993,0.5024,0,,"",,
27.835,9.3740,9.3740,8.9110,0.4630,0,,"",,
27.935,9.3435,9.3435,8.9227,0.4208,0,,"",,
28.035,9.3138,9.3138,8.9346,0.3792,0,,"",,
28.135,9.3025,9.3025,8.9465,0.3560,0,,"",,
28.235,9.3160,9.3160,8.9585,0.3575,0,,"",,
28.335,9.3696,9.3696,8.9707,0.3989,0,,"",,
28.435,9.4798,9.4798,8.9829,0.4969,0,,"",,
28.535,9.6474,9.6474,8.9953,0.6521,0,,"",,
28.636,9.8507,9.8507,9.0078,0.8429,0,,"",,
28.736,10.0689,10.0689,9.0204,1.0485,0,,"",,
28.836,10.3082,10.3082,9.0331,1.2751,0,,"",,
28.936,10.5286,10.5286,9.0459,1.4827,0,,"",,
29.036,10.7397,10.7397,9.0588,1.6809,0,,"",,
29.136,10.9240,10.9240,9.0719,1.8521,0,,"",,
29.236,11.0777,11.0777,9.0851,1.9926,0,,"",,
29.336,11.1872,11.1872,9.0983,2.0889,0,,"",,
29.437,11.2601,11.2601,9.1117,2.1484,0,,"",,
29.537,11.2999,11.2999,9.1252,2.1747,0,,"",,
29.637,11.3296,11.3296,9.1389,2.1907,0,,"",,
29.737,11.3465,11.3465,9.1526,2.1939,1,1.8379,"",,
29.837,11.3401,11.3401,9.1665,2.1736,0,,"",,
29.937,11.3142,11.3142,9.1805,2.1337,0,,"",,
30.037,11.2693,11.2693,9.1945,2.0748,0,,"",,
30.137,11.2080,11.2080,9.2087,1.9993,0,,"",,
30.238,11.1257,11.1257,9.2230,1.9027,0,,"",,
30.338,11.0309,11.0309,9.2373,1.7936,0,,"",,
30.438,10.9392,10.9392,9.2517,1.6875,0,,"",,
30.538,10.8502,10.8502,9.2661,1.5841,0,,"",,
30.638,10.7573,10.7573,9.2805,1.4768,0,,"",,
30.738,10.6650,10.6650,9.2949,1.3701,0,,"",,
30.838,10.5758,10.5758,9.3092,1.2666,0,,"",,
30.938,10.4965,10.4965,9.3233,1.1732,0,,"",,
31.039,10.4092,10.4092,9.3371,1.0721,0,,"",,
31.139,10.3220,10.3220,9.3508,0.9712,0,,"",,
31.239,10.2446,10.2446,9.3641,0.8805,0,,"",,
31.339,10.1752,10.1752,9.3772,0.7980,0,,"",,
31.439,10.1147,10.1147,9.3900,0.7247,0,,"",,
31.539,10.0622,10.0622,9.4024,0.6598,0,,"",,
31.639,10.0136,10.0136,9.4146,0.5990,0,,"",,
31.739,9.9648,9.9648,9.4264,0.5384,0,,"",,
31.840,9.9101,9.9101,9.4379,0.4722,0,,"",,
31.940,9.8610,9.8610,9.4491,0.4119,0,,"",,
32.040,9.8185,9.8185,9.4600,0.3585,0,,"",,
32.140,9.7821,9.7821,9.4705,0.3116,0,,"",,
32.240,9.7501,9.7501,9.4807,0.2694,0,,"",,
32.340,9.7230,9.7230,9.4905,0.2325,0,,"",,
32.440,9.6977,9.6977,9.5000,0.1977,0,,"",,
32.540,9.6687,9.6687,9.5091,0.1596,0,,"",,
32.641,9.6404,9.6404,9.5179,0.1225,0,,"",,
32.741,9.6224,9.6224,9.5262,0.0962,0,,"",,
32.841,9.6115,9.6115,9.5342,0.0773,0,,"",,
32.941,9.6081,9.6081,9.5418,0.0663,0,,"",,
33.041,9.6206,9.6206,9.5489,0.0717,0,,"",,
33.141,9.6483,9.6483,9.5557,0.0926,0,,"",,
33.241,9.6846,9.6846,9.5621,0.1225,0,,"",,
33.341,9.7192,9.7192,9.5681,0.1511,0,,"",,
33.442,9.7595,9.7595,9.5736,0.1859,0,,"",,
33.542,9.8140,9.8140,9.5788,0.2352,0,,"",,
33.642,9.8727,9.8727,9.5835,0.2892,0,,"",,
33.742,9.9380,9.9380,9.5877,0.3503,0,,"",,
33.842,10.0206,10.0206,9.5916,0.4290,0,,"",,
33.942,10.1081,10.1081,9.5949,0.5132,0,,"",,
34.042,10.2003,10.2003,9.5978,0.6025,0,,"",,
34.142,10.2921,10.2921,9.6002,0.6919,0,,"",,
34.243,10.3901,10.3901,9.6022,0.7879,0,,"",,
34.343,10.4815,10.4815,9.6038,0.8777,0,,"",,
34.443,10.5508,10.5508,9.6049,0.9459,0,,"",,
34.543,10.6061,10.6061,9.6057,1.0004,0,,"",,
34.643,10.6449,10.6449,9.6061,1.0388,0,,"",,
34.743,10.6583,10.6583,9.6062,1.0521,1,0.9858,"",,
34.843,10.6488,10.6488,9.6060,1.0428,0,,"",,
34.943,10.6435,10.6435,9.6055,1.0380,0,,"",,
35.044,10.6466,10.6466,9.6050,1.0416,0,,"",,
35.144,10.6470,10.6470,9.6042,1.0428,0,,"",,
35.244,10.6435,10.6435,9.6033,1.0402,0,,"",,
35.344,10.6379,10.6379,9.6022,1.0357,0,,"",,
35.444,10.6269,10.6269,9.6011,1.0258,0,,"",,
35.544,10.6098,10.6098,9.5999,1.0099,0,,"",,
35.644,10.5954,10.5954,9.5986,0.9968,0,,"",,
35.744,10.5835,10.5835,9.5972,0.9863,0,,"",,
35.845,10.5691,10.5691,9.5957,0.9734,0,,"",,
35.945,10.5578,10.5578,9.5940,0.9638,0,,"",,
36.045,10.5442,10.5442,9.5923,0.9519,0,,"",,
36.145,10.5219,10.5219,9.5905,0.9314,0,,"",,
36.245,10.4986,10.4986,9.5885,0.9101,0,,"",,
36.345,10.4998,10.4998,9.5865,0.9133,0,,"",,
36.445,10.5266,10.5266,9.5843,0.9423,0,,"",,
36.545,10.5842,10.5842,9.5821,1.0021,0,,"",,
36.646,10.6870,10.6870,9.5798,1.1072,0,,"",,
36.746,10.8165,10.8165,9.5773,1.2392,0,,"",,
36.846,10.9476,10.9476,9.5748,1.3728,0,,"",,
36.946,11.0588,11.0588,9.5722,1.4866,0,,"",,
37.046,11.1714,11.1714,9.5696,1.6018,0,,"",,
37.146,11.2675,11.2675,9.5668,1.7007,0,,"",,
37.246,11.3389,11.3389,9.5640,1.7749,0,,"",,
37.346,11.3850,11.3850,9.5611,1.8239,0,,"",,
37.447,11.4013,11.4013,9.5582,1.8431,1,0.9330,"",,
37.547,11.3836,11.3836,9.5552,1.8284,0,,"",,
37.647,11.3470,11.3470,9.5522,1.7948,0,,"",,
37.747,11.3053,11.3053,9.5491,1.7562,0,,"",,
37.847,11.2503,11.2503,9.5460,1.7043,0,,"",,
37.947,11.1887,11.1887,9.5428,1.6459,0,,"",,
38.047,11.1173,11.1173,9.5396,1.5777,0,,"",,
38.147,11.0368,11.0368,9.5364,1.5004,0,,"",,
38.248,10.9377,10.9377,9.5332,1.4045,0,,"",,
38.348,10.8346,10.8346,9.5300,1.3046,0,,"",,
38.448,10.7492,10.7492,9.5267,1.2225,0,,"",,
38.548,10.6693,10.6693,9.5234,1.1459,0,,"",,
38.648,10.5929,10.5929,9.5201,1.0728,0,,"",,
38.748,10.5215,10.5215,9.5167,1.0048,0,,"",,
38.848,10.4490,10.4490,9.5132,0.9358,0,,"",,
38.948,10.3737,10.3737,9.5096,0.8641,0,,"",,
39.049,10.2965,10.2965,9.5060,0.7905,0,,"",,
39.149,10.2322,10.2322,9.5023,0.7299,0,,"",,
39.249,10.1729,10.1729,9.4985,0.6744,0,,"",,
39.349,10.1189,10.1189,9.4946,0.6243,0,,"",,
39.449,10.0690,10.0690,9.4906,0.5784,0,,"",,
39.549,10.0214,10.0214,9.4864,0.5350,0,,"",,
39.649,9.9669,9.9669,9.4822,0.4847,0,,"",,
39.749,9.9087,9.9087,9.4778,0.4309,0,,"",,
39.850,9.8599,9.8599,9.4733,0.3866,0,,"",,
39.950,9.8238,9.8238,9.4687,0.3551,0,,"",,
40.050,9.7898,9.7898,9.4640,0.3258,0,,"",,
40.150,9.7590,9.7590,9.4592,0.2998,0,,"",,
40.250,9.7286,9.7286,9.4543,0.2743,0,,"",,
40.350,9.6995,9.6995,9.4493,0.2502,0,,"",,
40.450,9.6610,9.6610,9.4442,0.2168,0,,"",,
40.550,9.6224,9.6224,9.4390,0.1834,0,,"",,
40.650,9.5927,9.5927,9.4337,0.1590,0,,"",,
40.751,9.5639,9.5639,9.4284,0.1355,0,,"",,
40.851,9.5377,9.5377,9.4230,0.1147,0,,"",,
40.951,9.5139,9.5139,9.4176,0.0963,0,,"",,
41.051,9.4942,9.4942,9.4121,0.0821,0,,"",,
41.151,9.4713,9.4713,9.4065,0.0648,0,,"",,
41.251,9.4383,9.4383,9.4009,0.0374,0,,"",,
41.351,9.4086,9.4086,9.3952,0.0134,0,,"",,
41.451,9.3901,9.3901,9.3895,0.0006,0,,"",,
41.552,9.3837,9.3837,9.3837,0.0000,0,,"",,
41.652,9.3823,9.3823,9.3779,0.0044,0,,"",,
41.752,9.3872,9.3872,9.3720,0.0152,0,,"",,
41.852,9.4130,9.4130,9.3661,0.0469,0,,"",,
41.952,9.4443,9.4443,9.3602,0.0841,0,,"",,
42.052,9.4975,9.4975,9.3542,0.1433,0,,"",,
42.152,9.6013,9.6013,9.3481,0.2532,0,,"",,
42.252,9.7500,9.7500,9.3421,0.4079,0,,"",,
42.353,9.9395,9.9395,9.3360,0.6035,0,,"",,
42.453,10.1381,10.1381,9.3298,0.8083,0,,"",,
42.553,10.3496,10.3496,9.3236,1.0260,0,,"",,
42.653,10.5396,10.5396,9.3174,1.2222,0,,"",,
42.753,10.6998,10.6998,9.3111,1.3887,0,,"",,
42.853,10.8531,10.8531,9.3048,1.5483,0,,"",,
42.953,10.9866,10.9866,9.2984,1.6882,0,,"",,
43.053,11.1091,11.1091,9.2920,1.8171,0,,"",,
43.154,11.2119,11.2119,9.2856,1.9263,0,,"",,
43.254,11.2950,11.2950,9.2790,2.0160,0,,"",,
43.354,11.3434,11.3434,9.2724,2.0710,0,,"",,
43.454,11.3560,11.3560,9.2658,2.0902,0,,"",,
43.554,11.3532,11.3532,9.2591,2.0941,1,2.0941,"",,
43.654,11.3435,11.3435,9.2523,2.0912,0,,"",,
43.754,11.3277,11.3277,9.2455,2.0822,0,,"",,
43.854,11.3018,11.3018,9.2386,2.0632,0,,"",,
43.955,11.2581,11.2581,9.2317,2.0264,0,,"",,
44.055,11.1950,11.1950,9.2249,1.9701,0,,"",,
44.155,11.1174,11.1174,9.2181,1.8993,0,,"",,
44.255,11.0304,11.0304,9.2115,1.8189,0,,"",,
44.355,10.9483,10.9483,9.2051,1.7432,0,,"",,
44.455,10.8720,10.8720,9.1990,1.6730,0,,"",,
44.555,10.7957,10.7957,9.1931,1.6026,0,,"",,
44.655,10.7250,10.7250,9.1874,1.5376,0,,"",,
44.756,10.6604,10.6604,9.1820,1.4784,0,,"",,
44.856,10.5918,10.5918,9.1769,1.4149,0,,"",,
44.956,10.5251,10.5251,9.1720,1.3531,0,,"",,
45.056,10.4633,10.4633,9.1673,1.2960,0,,"",,
45.156,10.4131,10.4131,9.1629,1.2502,0,,"",,
45.256,10.3653,10.3653,9.1588,1.2065,0,,"",,
45.356,10.3185,10.3185,9.1549,1.1636,0,,"",,
45.456,10.2759,10.2759,9.1513,1.1246,0,,"",,
45.557,10.2236,10.2236,9.1479,1.0757,0,,"",,
45.657,10.1636,10.1636,9.1448,1.0188,0,,"",,
45.757,10.1089,10.1089,9.1420,0.9669,0,,"",,
45.857,10.0570,10.0570,9.1395,0.9175,0,,"",,
45.957,10.0057,10.0057,9.1372,0.8685,0,,"",,
46.057,9.9505,9.9505,9.1352,0.8153,0,,"",,
46.157,9.8990,9.8990,9.1335,0.7655,0,,"",,
46.257,9.8478,9.8478,9.1321,0.7157,0,,"",,
46.358,9.7915,9.7915,9.1310,0.6605,0,,"",,
46.458,9.7369,9.7369,9.1301,0.6068,0,,"",,
46.558,9.6914,9.6914,9.1296,0.5618,0,,"",,
46.658,9.6588,9.6588,9.1294,0.5294,0,,"",,
46.758,9.6275,9.6275,9.1294,0.4981,0,,"",,
46.858,9.5948,9.5948,9.1298,0.4650,0,,"",,
46.958,9.5611,9.5611,9.1306,0.4305,0,,"",,
47.058,9.5223,9.5223,9.1316,0.3907,0,,"",,
47.159,9.5028,9.5028,9.1329,0.3699,0,,"",,
47.259,9.4850,9.4850,9.1346,0.3504,0,,"",,
47.359,9.4673,9.4673,9.1366,0.3307,0,,"",,
47.459,9.4712,9.4712,9.1389,0.3323,0,,"",,
47.559,9.4901,9.4901,9.1416,0.3485,0,,"",,
47.659,9.5259,9.5259,9.1446,0.3813,0,,"",,
47.759,9.5762,9.5762,9.1479,0.4283,0,,"",,
47.859,9.6520,9.6520,9.1515,0.5005,0,,"",,
47.960,9.7496,9.7496,9.1553,0.5943,0,,"",,
48.060,9.8694,9.8694,9.1594,0.7100,0,,"",,
48.160,9.9934,9.9934,9.1636,0.8298,0,,"",,
48.260,10.1188,10.1188,9.1679,0.9509,0,,"",,
48.360,10.2396,10.2396,9.1720,1.0676,0,,"",,
48.460,10.3244,10.3244,9.1758,1.1486,0,,"",,
48.560,10.3941,10.3941,9.1793,1.2148,0,,"",,
48.660,10.4624,10.4624,9.1826,1.2798,0,,"",,
48.761,10.5156,10.5156,9.1856,1.3300,0,,"",,
48.861,10.5491,10.5491,9.1884,1.3607,0,,"",,
48.961,10.5638,10.5638,9.1909,1.3729,1,1.0422,"",,
49.061,10.5622,10.5622,9.1932,1.3690,0,,"",,
49.161,10.5324,10.5324,9.1951,1.3373,0,,"",,
49.261,10.4801,10.4801,9.1969,1.2832,0,,"",,
49.361,10.4289,10.4289,9.1983,1.2306,0,,"",,
49.461,10.3798,10.3798,9.1995,1.1803,0,,"",,
49.562,10.3232,10.3232,9.2004,1.1228,0,,"",,
49.662,10.2638,10.2638,9.2011,1.0627,0,,"",,
49.762,10.2050,10.2050,9.2015,1.0035,0,,"",,
49.862,10.1349,10.1349,9.2016,0.9333,0,,"",,
49.962,10.0583,10.0583,9.2014,0.8569,0,,"",,
50.062,9.9867,9.9867,9.2010,0.7857,0,,"",,
50.162,9.9305,9.9305,9.2002,0.7303,0,,"",,
50.262,9.8795,9.8795,9.1992,0.6803,0,,"",,
50.363,9.8387,9.8387,9.1979,0.6408,0,,"",,
50.463,9.8099,9.8099,9.1963,0.6136,0,,"",,
50.563,9.7815,9.7815,9.1944,0.5871,0,,"",,
50.663,9.7480,9.7480,9.1922,0.5558,0,,"",,
50.763,9.7269,9.7269,9.1897,0.5372,0,,"",,
50.863,9.7217,9.7217,9.1869,0.5348,0,,"",,
50.963,9.7185,9.7185,9.1838,0.5347,0,,"",,
51.063,9.7155,9.7155,9.1804,0.5351,0,,"",,
51.164,9.7127,9.7127,9.1766,0.5361,0,,"",,
51.264,9.7019,9.7019,9.1726,0.5293,0,,"",,
51.364,9.6795,9.6795,9.1682,0.5113,0,,"",,
51.464,9.6563,9.6563,9.1634,0.4929,0,,"",,
51.564,9.6366,9.6366,9.1583,0.4783,0,,"",,
51.664,9.6168,9.6168,9.1529,0.4639,0,,"",,
51.764,9.5975,9.5975,9.1472,0.4503,0,,"",,
51.864,9.5794,9.5794,9.1411,0.4383,0,,"",,
51.965,9.5576,9.5576,9.1347,0.4229,0,,"",,
52.065,9.5195,9.5195,9.1281,0.3914,0,,"",,
52.165,9.4787,9.4787,9.1212,0.3575,0,,"",,
52.265,9.4467,9.4467,9.1140,0.3327,0,,"",,
52.365,9.4180,9.4180,9.1068,0.3112,0,,"",,
52.465,9.3926,9.3926,9.0995,0.2931,0,,"",,
52.565,9.3718,9.3718,9.0922,0.2796,0,,"",,
52.665,9.3529,9.3529,9.0849,0.2680,0,,"",,
52.766,9.3354,9.3354,9.0776,0.2578,0,,"",,
52.866,9.3304,9.3304,9.0704,0.2600,0,,"",,
52.966,9.3487,9.3487,9.0632,0.2855,0,,"",,
53.066,9.3932,9.3932,9.0560,0.3372,0,,"",,
53.166,9.4615,9.4615,9.0487,0.4128,0,,"",,
53.266,9.5518,9.5518,9.0415,0.5103,0,,"",,
53.366,9.6488,9.6488,9.0343,0.6145,0,,"",,
53.466,9.7329,9.7329,9.0271,0.7058,0,,"",,
53.567,9.8050,9.8050,9.0199,0.7851,0,,"",,
53.667,9.8739,9.8739,9.0126,0.8613,0,,"",,
53.767,9.9289,9.9289,9.0054,0.9235,0,,"",,
53.867,9.9661,9.9661,8.9981,0.9680,0,,"",,
53.967,9.9843,9.9843,8.9908,0.9935,0,,"",,
54.067,9.9857,9.9857,8.9835,1.0022,1,0.7445,"",,
54.167,9.9634,9.9634,8.9761,0.9873,0,,"",,
54.267,9.9262,9.9262,8.9687,0.9575,0,,"",,
54.368,9.8907,9.8907,8.9613,0.9294,0,,"",,
54.468,9.8481,9.8481,8.9538,0.8943,0,,"",,
54.568,9.7991,9.7991,8.9463,0.8528,0,,"",,
54.668,9.7496,9.7496,8.9388,0.8108,0,,"",,
54.768,9.6977,9.6977,8.9312,0.7665,0,,"",,
54.868,9.6308,9.6308,8.9236,0.7072,0,,"",,
54.968,9.5657,9.5657,8.9159,0.6498,0,,"",,
55.068,9.5094,9.5094,8.9082,0.6012,0,,"",,
55.169,9.4581,9.4581,8.9005,0.5576,0,,"",,
55.269,9.4108,9.4108,8.8927,0.5181,0,,"",,
55.369,9.3711,9.3711,8.8848,0.4863,0,,"",,
55.469,9.3316,9.3316,8.8770,0.4546,0,,"",,
55.569,9.2856,9.2856,8.8691,0.4165,0,,"",,
55.669,9.2381,9.2381,8.8611,0.3770,0,,"",,
55.769,9.2006,9.2006,8.8531,0.3475,0,,"",,
55.869,9.1691,9.1691,8.8451,0.3240,0,,"",,
55.970,9.1415,9.1415,8.8370,0.3045,0,,"",,
56.070,9.1174,9.1174,8.8289,0.2885,0,,"",,
56.170,9.0943,9.0943,8.8207,0.2736,0,,"",,
56.270,9.0623,9.0623,8.8125,0.2498,0,,"",,
56.370,9.0286,9.0286,8.8041,0.2245,0,,"",,
56.470,9.0012,9.0012,8.7958,0.2054,0,,"",,
56.570,8.9762,8.9762,8.7873,0.1889,0,,"",,
56.670,8.9529,8.9529,8.7788,0.1741,0,,"",,
56.771,8.9339,8.9339,8.7703,0.1636,0,,"",,
56.871,8.9164,8.9164,8.7616,0.1548,0,,"",,
56.971,8.8927,8.8927,8.7529,0.1398,0,,"",,
57.071,8.8670,8.8670,8.7442,0.1228,0,,"",,
57.171,8.8498,8.8498,8.7354,0.1144,0,,"",,
57.271,8.8349,8.8349,8.7266,0.1083,0,,"",,
57.371,8.8201,8.8201,8.7177,0.1024,0,,"",,
57.471,8.8080,8.8080,8.7088,0.0992,0,,"",,
57.572,8.7943,8.7943,8.6999,0.0944,0,,"",,
57.672,8.7717,8.7717,8.6910,0.0807,0,,"",,
57.772,8.7474,8.7474,8.6820,0.0654,0,,"",,
57.872,8.7298,8.7298,8.6730,0.0568,0,,"",,
57.972,8.7138,8.7138,8.6640,0.0498,0,,"",,
58.072,8.6988,8.6988,8.6550,0.0438,0,,"",,
58.172,8.6866,8.6866,8.6460,0.0406,0,,"",,
58.272,8.6712,8.6712,8.6370,0.0342,0,,"",,
58.373,8.6479,8.6479,8.6280,0.0199,0,,"",,
58.473,8.6257,8.6257,8.6191,0.0066,0,,"",,
58.573,8.6108,8.6108,8.6101,0.0007,0,,"",,
58.673,8.6012,8.6012,8.6012,0.0000,0,,"",,
58.773,8.5997,8.5997,8.5923,0.0074,0,,"",,
58.873,8.6096,8.6096,8.5834,0.0262,0,,"",,
58.973,8.6268,8.6268,8.5746,0.0522,0,,"",,
59.073,8.6500,8.6500,8.5658,0.0842,0,,"",,
59.174,8.6887,8.6887,8.5570,0.1317,0,,"",,
59.274,8.7428,8.7428,8.5483,0.1945,0,,"",,
59.374,8.8021,8.8021,8.5396,0.2625,0,,"",,
59.474,8.8657,8.8657,8.5310,0.3347,0,,"",,
59.574,8.9298,8.9298,8.5225,0.4073,0,,"",,
59.674,8.9824,8.9824,8.5140,0.4684,0,,"",,
59.774,9.0209,9.0209,8.5056,0.5153,0,,"",,
59.874,9.0615,9.0615,8.4973,0.5642,0,,"",,
59.975,9.1054,9.1054,8.4890,0.6164,0,,"",,
60.075,9.1492,9.1492,8.4808,0.6684,0,,"",,
60.175,9.1904,9.1904,8.4728,0.7176,0,,"",,
60.275,9.2271,9.2271,8.4648,0.7623,0,,"",,
60.375,9.2528,9.2528,8.4569,0.7959,0,,"",,
60.475,9.2638,9.2638,8.4491,0.8147,0,,"",,
60.575,9.2730,9.2730,8.4414,0.8316,0,,"",,
60.675,9.2856,9.2856,8.4338,0.8518,0,,"",,
60.775,9.2933,9.2933,8.4263,0.8670,0,,"",,
60.876,9.2973,9.2973,8.4189,0.8784,0,,"",,
60.976,9.2975,9.2975,8.4117,0.8858,0,,"",,
61.076,9.2905,9.2905,8.4047,0.8858,1,0.8858,"",,
61.176,9.2700,9.2700,8.3978,0.8722,0,,"",,
61.276,9.2478,9.2478,8.3912,0.8566,0,,"",,
61.376,9.2399,9.2399,8.3849,0.8550,0,,"",,
61.476,9.2428,9.2428,8.3788,0.8640,0,,"",,
61.576,9.2617,9.2617,8.3732,0.8885,0,,"",,
61.677,9.2978,9.2978,8.3679,0.9299,0,,"",,
61.777,9.3419,9.3419,8.3630,0.9789,0,,"",,
61.877,9.3796,9.3796,8.3584,1.0212,0,,"",,
61.977,9.4045,9.4045,8.3541,1.0504,0,,"",,
62.077,9.4295,9.4295,8.3502,1.0793,0,,"",,
62.177,9.4533,9.4533,8.3467,1.1066,0,,"",,
62.277,9.4740,9.4740,8.3435,1.1305,0,,"",,
62.377,9.4954,9.4954,8.3406,1.1548,0,,"",,
62.478,9.5116,9.5116,8.3381,1.1735,0,,"",,
62.578,9.5209,9.5209,8.3359,1.1850,1,0.3299,"",,
62.678,9.5155,9.5155,8.3341,1.1814,0,,"",,
62.778,9.4982,9.4982,8.3325,1.1657,0,,"",,
62.878,9.4818,9.4818,8.3314,1.1504,0,,"",,
62.978,9.4637,9.4637,8.3305,1.1332,0,,"",,
63.078,9.4404,9.4404,8.3300,1.1104,0,,"",,
63.178,9.4125,9.4125,8.3297,1.0828,0,,"",,
63.279,9.3795,9.3795,8.3298,1.0497,0,,"",,
63.379,9.3400,9.3400,8.3302,1.0098,0,,"",,
63.479,9.2914,9.2914,8.3309,0.9605,0,,"",,
63.579,9.2398,9.2398,8.3319,0.9079,0,,"",,
63.679,9.1978,9.1978,8.3332,0.8646,0,,"",,
63.779,9.1577,9.1577,8.3348,0.8229,0,,"",,
63.879,9.1176,9.1176,8.3367,0.7809,0,,"",,
63.979,9.0836,9.0836,8.3389,0.7447,0,,"",,
64.080,9.0488,9.0488,8.3414,0.7074,0,,"",,
64.180,9.0104,9.0104,8.3442,0.6662,0,,"",,
64.280,8.9689,8.9689,8.3472,0.6217,0,,"",,
64.380,8.9359,8.9359,8.3505,0.5854,0,,"",,
64.480,8.9153,8.9153,8.3541,0.5612,0,,"",,
64.580,8.8992,8.8992,8.3580,0.5412,0,,"",,
64.680,8.8881,8.8881,8.3621,0.5260,0,,"",,
64.780,8.8796,8.8796,8.3664,0.5132,0,,"",,
64.881,8.8697,8.8697,8.3711,0.4986,0,,"",,
64.981,8.8516,8.8516,8.3759,0.4757,0,,"",,
65.081,8.8283,8.8283,8.3809,0.4474,0,,"",,
65.181,8.8093,8.8093,8.3861,0.4232,0,,"",,
65.281,8.7909,8.7909,8.3914,0.3995,0,,"",,
65.381,8.7726,8.7726,8.3967,0.3759,0,,"",,
65.481,8.7550,8.7550,8.4019,0.3531,0,,"",,
65.581,8.7373,8.7373,8.4069,0.3304,0,,"",,
65.682,8.7166,8.7166,8.4118,0.3048,0,,"",,
65.782,8.6871,8.6871,8.4164,0.2707,0,,"",,
65.882,8.6554,8.6554,8.4208,0.2346,0,,"",,
65.982,8.6335,8.6335,8.4250,0.2085,0,,"",,
66.082,8.6127,8.6127,8.4289,0.1838,0,,"",,
66.182,8.5942,8.5942,8.4327,0.1615,0,,"",,
66.282,8.5788,8.5788,8.4362,0.1426,0,,"",,
66.382,8.5652,8.5652,8.4394,0.1258,0,,"",,
66.483,8.5535,8.5535,8.4424,0.1111,0,,"",,
66.583,8.5383,8.5383,8.4452,0.0931,0,,"",,
66.683,8.5279,8.5279,8.4478,0.0801,0,,"",,
66.783,8.5305,8.5305,8.4501,0.0804,0,,"",,
66.883,8.5397,8.5397,8.4521,0.0876,0,,"",,
66.983,8.5525,8.5525,8.4539,0.0986,0,,"",,
67.083,8.5701,8.5701,8.4555,0.1146,0,,"",,
67.183,8.5877,8.5877,8.4568,0.1309,0,,"",,
67.284,8.6013,8.6013,8.4578,0.1435,0,,"",,
67.384,8.6049,8.6049,8.4586,0.1463,0,,"",,
67.484,8.6066,8.6066,8.4592,0.1474,0,,"",,
67.584,8.6148,8.6148,8.4595,0.1553,0,,"",,
67.684,8.6246,8.6246,8.4595,0.1651,0,,"",,
67.784,8.6394,8.6394,8.4592,0.1802,0,,"",,
67.884,8.6623,8.6623,8.4587,0.2036,0,,"",,
67.984,8.6879,8.6879,8.4579,0.2300,0,,"",,
68.085,8.7137,8.7137,8.4568,0.2569,0,,"",,
68.185,8.7306,8.7306,8.4554,0.2752,0,,"",,
68.285,8.7451,8.7451,8.4537,0.2914,0,,"",,
68.385,8.7603,8.7603,8.4517,0.3086,0,,"",,
68.485,8.7684,8.7684,8.4493,0.3191,0,,"",,
68.585,8.7730,8.7730,8.4467,0.3263,0,,"",,
68.685,8.7739,8.7739,8.4437,0.3302,0,,"",,
68.785,8.7697,8.7697,8.4404,0.3293,0,,"",,
68.886,8.7526,8.7526,8.4368,0.3158,0,,"",,
68.986,8.7281,8.7281,8.4328,0.2953,0,,"",,
69.086,8.7076,8.7076,8.4285,0.2791,0,,"",,
69.186,8.6897,8.6897,8.4239,0.2658,0,,"",,
69.286,8.6702,8.6702,8.4190,0.2512,0,,"",,
69.386,8.6528,8.6528,8.4138,0.2390,0,,"",,
69.486,8.6394,8.6394,8.4084,0.2310,0,,"",,
69.586,8.6221,8.6221,8.4028,0.2193,0,,"",,
69.687,8.5912,8.5912,8.3970,0.1942,0,,"",,
69.787,8.5565,8.5565,8.3911,0.1654,0,,"",,
69.887,8.5301,8.5301,8.3850,0.1451,0,,"",,
69.987,8.5112,8.5112,8.3788,0.1324,0,,"",,
70.087,8.4981,8.4981,8.3724,0.1257,0,,"",,
70.187,8.4960,8.4960,8.3659,0.1301,0,,"",,
70.287,8.5052,8.5052,8.3592,0.1460,0,,"",,
70.387,8.5232,8.5232,8.3524,0.1708,0,,"",,
70.488,8.5433,8.5433,8.3454,0.1979,0,,"",,
70.588,8.5769,8.5769,8.3382,0.2387,0,,"",,
70.688,8.6224,8.6224,8.3309,0.2915,0,,"",,
70.788,8.6679,8.6679,8.3233,0.3446,0,,"",,
70.888,8.7142,8.7142,8.3156,0.3986,0,,"",,
70.988,8.7527,8.7527,8.3078,0.4449,0,,"",,
71.088,8.7821,8.7821,8.2997,0.4824,0,,"",,
71.188,8.7920,8.7920,8.2915,0.5005,0,,"",,
71.289,8.7856,8.7856,8.2831,0.5025,1,0.3768,"",,
71.389,8.7754,8.7754,8.2746,0.5008,0,,"",,
71.489,8.7631,8.7631,8.2659,0.4972,0,,"",,
71.589,8.7476,8.7476,8.2570,0.4906,0,,"",,
71.689,8.7301,8.7301,8.2480,0.4821,0,,"",,
71.789,8.7091,8.7091,8.2389,0.4702,0,,"",,
71.889,8.6814,8.6814,8.2296,0.4518,0,,"",,
71.989,8.6452,8.6452,8.2202,0.4250,0,,"",,
72.090,8.6048,8.6048,8.2107,0.3941,0,,"",,
72.190,8.5724,8.5724,8.2011,0.3713,0,,"",,
72.290,8.5432,8.5432,8.1914,0.3518,0,,"",,
72.390,8.5171,8.5171,8.1817,0.3354,0,,"",,
72.490,8.4972,8.4972,8.1720,0.3252,0,,"",,
72.590,8.4818,8.4818,8.1622,0.3196,0,,"",,
72.690,8.4675,8.4675,8.1525,0.3150,0,,"",,
72.790,8.4518,8.4518,8.1427,0.3091,0,,"",,
72.891,8.4453,8.4453,8.1329,0.3124,0,,"",,
72.991,8.4546,8.4546,8.1232,0.3314,0,,"",,
73.091,8.4768,8.4768,8.1135,0.3633,0,,"",,
73.191,8.5134,8.5134,8.1038,0.4096,0,,"",,
73.291,8.5683,8.5683,8.0942,0.4741,0,,"",,
73.391,8.6379,8.6379,8.0847,0.5532,0,,"",,
73.491,8.7081,8.7081,8.0753,0.6328,0,,"",,
73.591,8.7733,8.7733,8.0659,0.7074,0,,"",,
73.692,8.8418,8.8418,8.0567,0.7851,0,,"",,
73.792,8.9083,8.9083,8.0476,0.8607,0,,"",,
73.892,8.9643,8.9643,8.0386,0.9257,0,,"",,
73.992,9.0029,9.0029,8.0297,0.9732,0,,"",,
74.092,9.0287,9.0287,8.0210,1.0077,0,,"",,
74.192,9.0355,9.0355,8.0125,1.0230,1,0.7139,"",,
74.292,9.0181,9.0181,8.0042,1.0139,0,,"",,
74.392,8.9887,8.9887,7.9960,0.9927,0,,"",,
74.493,8.9633,8.9633,7.9880,0.9753,0,,"",,
74.593,8.9330,8.9330,7.9802,0.9528,0,,"",,
74.693,8.8978,8.8978,7.9726,0.9252,0,,"",,
74.793,8.8608,8.8608,7.9652,0.8956,0,,"",,
74.893,8.8197,8.8197,7.9580,0.8617,0,,"",,
74.993,8.7773,8.7773,7.9511,0.8262,0,,"",,
75.093,8.7245,8.7245,7.9444,0.7801,0,,"",,
75.193,8.6722,8.6722,7.9378,0.7344,0,,"",,
75.294,8.6285,8.6285,7.9316,0.6969,0,,"",,
75.394,8.5906,8.5906,7.9255,0.6651,0,,"",,
75.494,8.5561,8.5561,7.9196,0.6365,0,,"",,
75.594,8.5258,8.5258,7.9140,0.6118,0,,"",,
75.694,8.4978,8.4978,7.9086,0.5892,0,,"",,
75.794,8.4653,8.4653,7.9034,0.5619,0,,"",,
75.894,8.4272,8.4272,7.8984,0.5288,0,,"",,
75.994,8.3992,8.3992,7.8935,0.5057,0,,"",,
76.095,8.3764,8.3764,7.8889,0.4875,0,,"",,
76.195,8.3553,8.3553,7.8845,0.4708,0,,"",,
76.295,8.3367,8.3367,7.8802,0.4565,0,,"",,
76.395,8.3198,8.3198,7.8761,0.4437,0,,"",,
76.495,8.3055,8.3055,7.8721,0.4334,0,,"",,
76.595,8.2849,8.2849,7.8683,0.4166,0,,"",,
76.695,8.2619,8.2619,7.8647,0.3972,0,,"",,
76.795,8.2450,8.2450,7.8611,0.3839,0,,"",,
76.896,8.2301,8.2301,7.8578,0.3723,0,,"",,
76.996,8.2177,8.2177,7.8545,0.3632,0,,"",,
77.096,8.2078,8.2078,7.8514,0.3564,0,,"",,
77.196,8.1986,8.1986,7.8483,0.3503,0,,"",,
77.296,8.1859,8.1859,7.8454,0.3405,0,,"",,
77.396,8.1661,8.1661,7.8426,0.3235,0,,"",,
77.496,8.1478,8.1478,7.8399,0.3079,0,,"",,
77.596,8.1349,8.1349,7.8373,0.2976,0,,"",,
77.697,8.1222,8.1222,7.8347,0.2875,0,,"",,
77.797,8.1104,8.1104,7.8323,0.2781,0,,"",,
77.897,8.1004,8.1004,7.8299,0.2705,0,,"",,
77.997,8.0911,8.0911,7.8276,0.2635,0,,"",,
78.097,8.0759,8.0759,7.8253,0.2506,0,,"",,
78.197,8.0564,8.0564,7.8231,0.2333,0,,"",,
78.297,8.0407,8.0407,7.8209,0.2198,0,,"",,
78.397,8.0283,8.0283,7.8188,0.2095,0,,"",,
78.498,8.0170,8.0170,7.8168,0.2002,0,,"",,
78.598,8.0071,8.0071,7.8148,0.1923,0,,"",,
78.698,7.9990,7.9990,7.8128,0.1862,0,,"",,
78.798,7.9889,7.9889,7.8108,0.1781,0,,"",,
78.898,7.9712,7.9712,7.8089,0.1623,0,,"",,
78.998,7.9551,7.9551,7.8069,0.1482,0,,"",,
79.098,7.9451,7.9451,7.8050,0.1401,0,,"",,
79.198,7.9372,7.9372,7.8031,0.1341,0,,"",,
79.299,7.9291,7.9291,7.8013,0.1278,0,,"",,
79.399,7.9201,7.9201,7.7994,0.1207,0,,"",,
79.499,7.9111,7.9111,7.7976,0.1135,0,,"",,
79.599,7.8959,7.8959,7.7958,0.1001,0,,"",,
79.699,7.8769,7.8769,7.7940,0.0829,0,,"",,
79.799,7.8647,7.8647,7.7922,0.0725,0,,"",,
79.899,7.8535,7.8535,7.7904,0.0631,0,,"",,
79.999,7.8444,7.8444,7.7887,0.0557,0,,"",,
80.100,7.8397,7.8397,7.7869,0.0528,0,,"",,
80.200,7.8357,7.8357,7.7852,0.0505,0,,"",,
80.300,7.8264,7.8264,7.7835,0.0429,0,,"",,
80.400,7.8103,7.8103,7.7818,0.0285,0,,"",,
80.500,7.7976,7.7976,7.7802,0.0174,0,,"",,
80.600,7.7892,7.7892,7.7785,0.0107,0,,"",,
80.700,7.7813,7.7813,7.7769,0.0044,0,,"",,
80.800,7.7753,7.7753,7.7753,0.0000,0,,"",,
80.900,7.7744,7.7744,7.7737,0.0007,0,,"",,
81.001,7.7765,7.7765,7.7721,0.0044,0,,"",,
81.101,7.7792,7.7792,7.7706,0.0086,0,,"",,
81.201,7.7929,7.7929,7.7690,0.0239,0,,"",,
81.301,7.8304,7.8304,7.7675,0.0629,0,,"",,
81.401,7.8904,7.8904,7.7660,0.1244,0,,"",,
81.501,7.9755,7.9755,7.7645,0.2110,0,,"",,
81.601,8.0831,8.0831,7.7631,0.3200,0,,"",,
81.701,8.2003,8.2003,7.7616,0.4387,0,,"",,
81.802,8.3046,8.3046,7.7602,0.5444,0,,"",,
81.902,8.3936,8.3936,7.7588,0.6348,0,,"",,
82.002,8.4716,8.4716,7.7574,0.7142,0,,"",,
82.102,8.5447,8.5447,7.7560,0.7887,0,,"",,
82.202,8.5976,8.5976,7.7546,0.8430,0,,"",,
82.302,8.6320,8.6320,7.7533,0.8787,0,,"",,
82.402,8.6525,8.6525,7.7520,0.9005,0,,"",,
82.502,8.6537,8.6537,7.7507,0.9030,1,0.9030,"",,
82.603,8.6344,8.6344,7.7495,0.8849,0,,"",,
82.703,8.6089,8.6089,7.7482,0.8607,0,,"",,
82.803,8.5822,8.5822,7.7470,0.8352,0,,"",,
82.903,8.5510,8.5510,7.7458,0.8052,0,,"",,
83.003,8.5229,8.5229,7.7447,0.7782,0,,"",,
83.103,8.4951,8.4951,7.7435,0.7516,0,,"",,
83.203,8.4664,8.4664,7.7425,0.7239,0,,"",,
83.303,8.4342,8.4342,7.7414,0.6928,0,,"",,
83.404,8.4080,8.4080,7.7405,0.6675,0,,"",,
83.504,8.3954,8.3954,7.7398,0.6556,0,,"",,
83.604,8.3879,8.3879,7.7392,0.6487,0,,"",,
83.704,8.3855,8.3855,7.7388,0.6467,0,,"",,
83.804,8.3869,8.3869,7.7386,0.6483,0,,"",,
83.904,8.3885,8.3885,7.7386,0.6499,0,,"",,
84.004,8.3827,8.3827,7.7387,0.6440,0,,"",,
84.104,8.3713,8.3713,7.7391,0.6322,0,,"",,
84.205,8.3625,8.3625,7.7396,0.6229,0,,"",,
84.305,8.3542,8.3542,7.7403,0.6139,0,,"",,
84.405,8.3468,8.3468,7.7412,0.6056,0,,"",,
84.505,8.3403,8.3403,7.7423,0.5980,0,,"",,
84.605,8.3321,8.3321,7.7435,0.5886,0,,"",,
84.705,8.3198,8.3198,7.7450,0.5748,0,,"",,
84.805,8.2997,8.2997,7.7467,0.5530,0,,"",,
84.905,8.2793,8.2793,7.7485,0.5308,0,,"",,
85.006,8.2671,8.2671,7.7505,0.5166,0,,"",,
85.106,8.2563,8.2563,7.7527,0.5036,0,,"",,
85.206,8.2465,8.2465,7.7552,0.4913,0,,"",,
85.306,8.2399,8.2399,7.7578,0.4821,0,,"",,
85.406,8.2345,8.2345,7.7606,0.4739,0,,"",,
85.506,8.2196,8.2196,7.7636,0.4560,0,,"",,
85.606,8.1985,8.1985,7.7668,0.4317,0,,"",,
85.706,8.1832,8.1832,7.7702,0.4130,0,,"",,
85.807,8.1717,8.1717,7.7738,0.3979,0,,"",,
85.907,8.1598,8.1598,7.7777,0.3821,0,,"",,
86.007,8.1496,8.1496,7.7817,0.3679,0,,"",,
86.107,8.1371,8.1371,7.7859,0.3512,0,,"",,
86.207,8.1192,8.1192,7.7903,0.3289,0,,"",,
86.307,8.0940,8.0940,7.7949,0.2991,0,,"",,
86.407,8.0707,8.0707,7.7998,0.2709,0,,"",,
86.507,8.0557,8.0557,7.8048,0.2509,0,,"",,
86.608,8.0443,8.0443,7.8100,0.2343,0,,"",,
86.708,8.0390,8.0390,7.8155,0.2235,0,,"",,
86.808,8.0445,8.0445,7.8212,0.2233,0,,"",,
86.908,8.0592,8.0592,7.8270,0.2322,0,,"",,
87.008,8.0731,8.0731,7.8331,0.2400,0,,"",,
87.108,8.0931,8.0931,7.8394,0.2537,0,,"",,
87.208,8.1272,8.1272,7.8459,0.2813,0,,"",,
87.308,8.1725,8.1725,7.8526,0.3199,0,,"",,
87.409,8.2269,8.2269,7.8594,0.3675,0,,"",,
87.509,8.2926,8.2926,7.8663,0.4263,0,,"",,
87.609,8.3659,8.3659,7.8731,0.4928,0,,"",,
87.709,8.4341,8.4341,7.8799,0.5542,0,,"",,
87.809,8.4945,8.4945,7.8866,0.6079,0,,"",,
87.909,8.5579,8.5579,7.8932,0.6647,0,,"",,
88.009,8.6091,8.6091,7.8997,0.7094,0,,"",,
88.109,8.6479,8.6479,7.9062,0.7417,0,,"",,
88.210,8.6742,8.6742,7.9125,0.7617,0,,"",,
88.310,8.6881,8.6881,7.9188,0.7693,1,0.5459,"",,
88.410,8.6860,8.6860,7.9250,0.7610,0,,"",,
88.510,8.6627,8.6627,7.9311,0.7316,0,,"",,
88.610,8.6305,8.6305,7.9372,0.6933,0,,"",,
88.710,8.6026,8.6026,7.9431,0.6595,0,,"",,
88.810,8.5720,8.5720,7.9490,0.6230,0,,"",,
88.910,8.5374,8.5374,7.9547,0.5827,0,,"",,
89.011,8.5052,8.5052,7.9604,0.5448,0,,"",,
89.111,8.4695,8.4695,7.9660,0.5035,0,,"",,
89.211,8.4251,8.4251,7.9715,0.4536,0,,"",,
89.311,8.3735,8.3735,7.9769,0.3966,0,,"",,
89.411,8.3289,8.3289,7.9822,0.3467,0,,"",,
89.511,8.2914,8.2914,7.9874,0.3040,0,,"",,
89.611,8.2575,8.2575,7.9925,0.2650,0,,"",,
89.711,8.2291,8.2291,7.9976,0.2315,0,,"",,
89.812,8.2066,8.2066,8.0025,0.2041,0,,"",,
89.912,8.1892,8.1892,8.0073,0.1819,0,,"",,
90.012,8.1737,8.1737,8.0121,0.1616,0,,"",,
90.112,8.1649,8.1649,8.0167,0.1482,0,,"",,
90.212,8.1721,8.1721,8.0213,0.1508,0,,"",,
90.312,8.1870,8.1870,8.0257,0.1613,0,,"",,
90.412,8.2059,8.2059,8.0300,0.1759,0,,"",,
90.512,8.2258,8.2258,8.0343,0.1915,0,,"",,
90.613,8.2432,8.2432,8.0384,0.2048,0,,"",,
90.713,8.2529,8.2529,8.0424,0.2105,0,,"",,
90.813,8.2520,8.2520,8.0463,0.2057,0,,"",,
90.913,8.2485,8.2485,8.0501,0.1984,0,,"",,
91.013,8.2453,8.2453,8.0538,0.1915,0,,"",,
91.113,8.2355,8.2355,8.0574,0.1781,0,,"",,
91.213,8.2225,8.2225,8.0609,0.1616,0,,"",,
91.313,8.2094,8.2094,8.0643,0.1451,0,,"",,
91.414,8.1943,8.1943,8.0675,0.1268,0,,"",,
91.514,8.1707,8.1707,8.0707,0.1000,0,,"",,
91.614,8.1421,8.1421,8.0739,0.0682,0,,"",,
91.714,8.1194,8.1194,8.0771,0.0423,0,,"",,
91.814,8.1015,8.1015,8.0803,0.0212,0,,"",,
91.914,8.0885,8.0885,8.0835,0.0050,0,,"",,
92.014,8.0868,8.0868,8.0868,0.0000,0,,"",,
92.114,8.0971,8.0971,8.0901,0.0070,0,,"",,
92.215,8.1175,8.1175,8.0934,0.0241,0,,"",,
92.315,8.1448,8.1448,8.0968,0.0480,0,,"",,
92.415,8.1851,8.1851,8.1002,0.0849,0,,"",,
92.515,8.2442,8.2442,8.1036,0.1406,0,,"",,
92.615,8.3124,8.3124,8.1070,0.2054,0,,"",,
92.715,8.3834,8.3834,8.1105,0.2729,0,,"",,
92.815,8.4545,8.4545,8.1139,0.3406,0,,"",,
92.915,8.5213,8.5213,8.1175,0.4038,0,,"",,
93.016,8.5650,8.5650,8.1210,0.4440,0,,"",,
93.116,8.5936,8.5936,8.1245,0.4691,0,,"",,
93.216,8.6231,8.6231,8.1281,0.4950,0,,"",,
93.316,8.6582,8.6582,8.1317,0.5265,0,,"",,
93.416,8.6919,8.6919,8.1354,0.5565,0,,"",,
93.516,8.7247,8.7247,8.1390,0.5857,0,,"",,
93.616,8.7545,8.7545,8.1426,0.6119,0,,"",,
93.716,8.7769,8.7769,8.1463,0.6306,0,,"",,
93.817,8.7842,8.7842,8.1499,0.6343,1,0.6343,"",,
93.917,8.7822,8.7822,8.1535,0.6287,0,,"",,
94.017,8.7841,8.7841,8.1571,0.6270,0,,"",,
94.117,8.7867,8.7867,8.1606,0.6261,0,,"",,
94.217,8.7876,8.7876,8.1641,0.6235,0,,"",,
94.317,8.7870,8.7870,8.1675,0.6195,0,,"",,
94.417,8.7800,8.7800,8.1709,0.6091,0,,"",,
94.517,8.7646,8.7646,8.1742,0.5904,0,,"",,
94.618,8.7422,8.7422,8.1774,0.5648,0,,"",,
94.718,8.7199,8.7199,8.1805,0.5394,0,,"",,
94.818,8.7067,8.7067,8.1835,0.5232,0,,"",,
94.918,8.7029,8.7029,8.1865,0.5164,0,,"",,
95.018,8.7135,8.7135,8.1894,0.5241,0,,"",,
95.118,8.7432,8.7432,8.1922,0.5510,0,,"",,
95.218,8.7892,8.7892,8.1950,0.5942,0,,"",,
95.318,8.8427,8.8427,8.1977,0.6450,0,,"",,
95.419,8.8915,8.8915,8.2003,0.6912,0,,"",,
95.519,8.9392,8.9392,8.2028,0.7364,0,,"",,
95.619,8.9845,8.9845,8.2052,0.7793,0,,"",,
95.719,9.0194,9.0194,8.2076,0.8118,0,,"",,
95.819,9.0441,9.0441,8.2098,0.8343,0,,"",,
95.919,9.0592,9.0592,8.2120,0.8472,1,0.3308,"",,
96.019,9.0613,9.0613,8.2142,0.8471,0,,"",,
96.119,9.0469,9.0469,8.2162,0.8307,0,,"",,
96.220,9.0252,9.0252,8.2181,0.8071,0,,"",,
96.320,9.0049,9.0049,8.2200,0.7849,0,,"",,
96.420,8.9831,8.9831,8.2218,0.7613,0,,"",,
96.520,8.9613,8.9613,8.2235,0.7378,0,,"",,
96.620,8.9417,8.9417,8.2251,0.7166,0,,"",,
96.720,8.9230,8.9230,8.2266,0.6964,0,,"",,
96.820,8.8994,8.8994,8.2280,0.6714,0,,"",,
96.920,8.8685,8.8685,8.2294,0.6391,0,,"",,
97.021,8.8430,8.8430,8.2306,0.6124,0,,"",,
97.121,8.8207,8.8207,8.2318,0.5889,0,,"",,
97.221,8.7997,8.7997,8.2329,0.5668,0,,"",,
97.321,8.7804,8.7804,8.2338,0.5466,0,,"",,
97.421,8.7621,8.7621,8.2347,0.5274,0,,"",,
97.521,8.7415,8.7415,8.2355,0.5060,0,,"",,
97.621,8.7146,8.7146,8.2362,0.4784,0,,"",,
97.721,8.6869,8.6869,8.2369,0.4500,0,,"",,
97.822,8.6636,8.6636,8.2375,0.4261,0,,"",,
97.922,8.6414,8.6414,8.2381,0.4033,0,,"",,
98.022,8.6220,8.6220,8.2386,0.3834,0,,"",,
98.122,8.6034,8.6034,8.2392,0.3642,0,,"",,
98.222,8.5853,8.5853,8.2398,0.3455,0,,"",,
98.322,8.5612,8.5612,8.2405,0.3207,0,,"",,
98.422,8.5325,8.5325,8.2412,0.2913,0,,"",,
98.522,8.5084,8.5084,8.2421,0.2663,0,,"",,
98.623,8.4892,8.4892,8.2430,0.2462,0,,"",,
98.723,8.4746,8.4746,8.2440,0.2306,0,,"",,
98.823,8.4665,8.4665,8.2451,0.2214,0,,"",,
98.923,8.4659,8.4659,8.2463,0.2196,0,,"",,
99.023,8.4742,8.4742,8.2476,0.2266,0,,"",,
99.123,8.4928,8.4928,8.2489,0.2439,0,,"",,
99.223,8.5246,8.5246,8.2504,0.2742,0,,"",,
99.323,8.5776,8.5776,8.2520,0.3256,0,,"",,
99.424,8.6484,8.6484,8.2537,0.3947,0,,"",,
99.524,8.7218,8.7218,8.2554,0.4664,0,,"",,
99.624,8.7945,8.7945,8.2573,0.5372,0,,"",,
99.724,8.8571,8.8571,8.2592,0.5979,0,,"",,
99.824,8.9059,8.9059,8.2612,0.6447,0,,"",,
99.924,8.9361,8.9361,8.2633,0.6728,0,,"",,
100.024,8.9519,8.9519,8.2654,0.6865,0,,"",,
100.124,8.9643,8.9643,8.2675,0.6968,0,,"",,
100.225,8.9674,8.9674,8.2697,0.6977,1,0.4781,"",,
100.325,8.9620,8.9620,8.2719,0.6901,0,,"",,
100.425,8.9508,8.9508,8.2741,0.6767,0,,"",,
100.525,8.9343,8.9343,8.2764,0.6579,0,,"",,
100.625,8.9083,8.9083,8.2787,0.6296,0,,"",,
100.725,8.8706,8.8706,8.2810,0.5896,0,,"",,
100.825,8.8341,8.8341,8.2834,0.5507,0,,"",,
100.925,8.8033,8.8033,8.2858,0.5175,0,,"",,
101.025,8.7796,8.7796,8.2882,0.4914,0,,"",,
101.126,8.7614,8.7614,8.2907,0.4707,0,,"",,
101.226,8.7454,8.7454,8.2932,0.4522,0,,"",,
101.326,8.7310,8.7310,8.2957,0.4353,0,,"",,
101.426,8.7121,8.7121,8.2983,0.4138,0,,"",,
101.526,8.6886,8.6886,8.3009,0.3877,0,,"",,
101.626,8.6713,8.6713,8.3035,0.3678,0,,"",,
101.726,8.6600,8.6600,8.3062,0.3538,0,,"",,
101.826,8.6526,8.6526,8.3089,0.3437,0,,"",,
101.927,8.6512,8.6512,8.3116,0.3396,0,,"",,
102.027,8.6549,8.6549,8.3143,0.3406,0,,"",,
102.127,8.6594,8.6594,8.3170,0.3424,0,,"",,
102.227,8.6556,8.6556,8.3197,0.3359,0,,"",,
102.327,8.6481,8.6481,8.3223,0.3258,0,,"",,
102.427,8.6441,8.6441,8.3250,0.3191,0,,"",,
102.527,8.6387,8.6387,8.3276,0.3111,0,,"",,
102.627,8.6296,8.6296,8.3301,0.2995,0,,"",,
102.728,8.6200,8.6200,8.3326,0.2874,0,,"",,
102.828,8.6106,8.6106,8.3351,0.2755,0,,"",,
102.928,8.5972,8.5972,8.3375,0.2597,0,,"",,
103.028,8.5817,8.5817,8.3398,0.2419,0,,"",,
103.128,8.5687,8.5687,8.3421,0.2266,0,,"",,
103.228,8.5593,8.5593,8.3444,0.2149,0,,"",,
103.328,8.5517,8.5517,8.3466,0.2051,0,,"",,
103.428,8.5477,8.5477,8.3488,0.1989,0,,"",,
103.529,8.5451,8.5451,8.3509,0.1942,0,,"",,
103.629,8.5422,8.5422,8.3530,0.1892,0,,"",,
103.729,8.5325,8.5325,8.3550,0.1775,0,,"",,
103.829,8.5147,8.5147,8.3571,0.1576,0,,"",,
103.929,8.4946,8.4946,8.3591,0.1355,0,,"",,
104.029,8.4769,8.4769,8.3611,0.1158,0,,"",,
104.129,8.4634,8.4634,8.3631,0.1003,0,,"",,
104.229,8.4563,8.4563,8.3652,0.0911,0,,"",,
104.330,8.4531,8.4531,8.3674,0.0857,0,,"",,
104.430,8.4464,8.4464,8.3696,0.0768,0,,"",,
104.530,8.4361,8.4361,8.3720,0.0641,0,,"",,
104.630,8.4329,8.4329,8.3743,0.0586,0,,"",,
104.730,8.4388,8.4388,8.3768,0.0620,0,,"",,
104.830,8.4517,8.4517,8.3794,0.0723,0,,"",,
104.930,8.4727,8.4727,8.3820,0.0907,0,,"",,
105.030,8.4998,8.4998,8.3847,0.1151,0,,"",,
105.131,8.5311,8.5311,8.3875,0.1436,0,,"",,
105.231,8.5625,8.5625,8.3904,0.1721,0,,"",,
105.331,8.6045,8.6045,8.3933,0.2112,0,,"",,
105.431,8.6574,8.6574,8.3964,0.2610,0,,"",,
105.531,8.7145,8.7145,8.3995,0.3150,0,,"",,
105.631,8.7749,8.7749,8.4027,0.3722,0,,"",,
105.731,8.8377,8.8377,8.4060,0.4317,0,,"",,
105.831,8.8980,8.8980,8.4094,0.4886,0,,"",,
105.932,8.9484,8.9484,8.4129,0.5355,0,,"",,
106.032,8.9882,8.9882,8.4164,0.5718,0,,"",,
106.132,9.0320,9.0320,8.4201,0.6119,0,,"",,
106.232,9.0722,9.0722,8.4238,0.6484,0,,"",,
106.332,9.1112,9.1112,8.4276,0.6836,0,,"",,
106.432,9.1548,9.1548,8.4315,0.7233,0,,"",,
106.532,9.1978,9.1978,8.4355,0.7623,0,,"",,
106.632,9.2374,9.2374,8.4396,0.7978,0,,"",,
106.733,9.2728,9.2728,8.4438,0.8290,0,,"",,
106.833,9.3133,9.3133,8.4480,0.8653,0,,"",,
106.933,9.3534,9.3534,8.4524,0.9010,0,,"",,
107.033,9.3833,9.3833,8.4568,0.9265,0,,"",,
107.133,9.4067,9.4067,8.4613,0.9454,0,,"",,
107.233,9.4192,9.4192,8.4659,0.9533,1,0.8947,"",,
107.333,9.4193,9.4193,8.4706,0.9487,0,,"",,
107.433,9.4049,9.4049,8.4754,0.9295,0,,"",,
107.534,9.3873,9.3873,8.4802,0.9071,0,,"",,
107.634,9.3716,9.3716,8.4851,0.8865,0,,"",,
107.734,9.3543,9.3543,8.4902,0.8641,0,,"",,
107.834,9.3338,9.3338,8.4953,0.8385,0,,"",,
107.934,9.3085,9.3085,8.5004,0.8081,0,,"",,
108.034,9.2833,9.2833,8.5057,0.7776,0,,"",,
108.134,9.2479,9.2479,8.5109,0.7370,0,,"",,
108.234,9.2023,9.2023,8.5162,0.6861,0,,"",,
108.335,9.1579,9.1579,8.5216,0.6363,0,,"",,
108.435,9.1156,9.1156,8.5269,0.5887,0,,"",,
108.535,9.0761,9.0761,8.5322,0.5439,0,,"",,
108.635,9.0423,9.0423,8.5376,0.5047,0,,"",,
108.735,9.0097,9.0097,8.5429,0.4668,0,,"",,
108.835,8.9742,8.9742,8.5483,0.4259,0,,"",,
108.935,8.9301,8.9301,8.5536,0.3765,0,,"",,
109.035,8.8898,8.8898,8.5589,0.3309,0,,"",,
109.136,8.8582,8.8582,8.5642,0.2940,0,,"",,
109.236,8.8331,8.8331,8.5695,0.2636,0,,"",,
109.336,8.8045,8.8045,8.5747,0.2298,0,,"",,
109.436,8.7777,8.7777,8.5800,0.1977,0,,"",,
109.536,8.7551,8.7551,8.5852,0.1699,0,,"",,
109.636,8.7270,8.7270,8.5903,0.1367,0,,"",,
109.736,8.6976,8.6976,8.5955,0.1021,0,,"",,
109.836,8.6752,8.6752,8.6006,0.0746,0,,"",,
109.937,8.6516,8.6516,8.6056,0.0460,0,,"",,
110.037,8.6330,8.6330,8.6106,0.0224,0,,"",,
110.137,8.6278,8.6278,8.6156,0.0122,0,,"",,
110.237,8.6295,8.6295,8.6205,0.0090,0,,"",,
110.337,8.6340,8.6340,8.6254,0.0086,0,,"",,
110.437,8.6360,8.6360,8.6302,0.0058,0,,"",,
110.537,8.6349,8.6349,8.6349,0.0000,0,,"",,
110.637,8.6456,8.6456,8.6396,0.0060,0,,"",,
110.738,8.6644,8.6644,8.6442,0.0202,0,,"",,
110.838,8.6801,8.6801,8.6487,0.0314,0,,"",,
110.938,8.6975,8.6975,8.6532,0.0443,0,,"",,
111.038,8.7157,8.7157,8.6575,0.0582,0,,"",,
111.138,8.7385,8.7385,8.6618,0.0767,0,,"",,
111.238,8.7663,8.7663,8.6660,0.1003,0,,"",,
111.338,8.8089,8.8089,8.6701,0.1388,0,,"",,
111.438,8.8774,8.8774,8.6742,0.2032,0,,"",,
111.539,8.9656,8.9656,8.6781,0.2875,0,,"",,
111.639,9.0792,9.0792,8.6819,0.3973,0,,"",,
111.739,9.2132,9.2132,8.6857,0.5275,0,,"",,
111.839,9.3358,9.3358,8.6893,0.6465,0,,"",,
111.939,9.4512,9.4512,8.6928,0.7584,0,,"",,
112.039,9.5558,9.5558,8.6962,0.8596,0,,"",,
112.139,9.6516,9.6516,8.6995,0.9521,0,,"",,
112.239,9.7237,9.7237,8.7027,1.0210,0,,"",,
112.340,9.7771,9.7771,8.7058,1.0713,0,,"",,
112.440,9.8151,9.8151,8.7087,1.1064,0,,"",,
112.540,9.8313,9.8313,8.7115,1.1198,1,1.1198,"",,
112.640,9.8280,9.8280,8.7142,1.1138,0,,"",,
112.740,9.8152,9.8152,8.7168,1.0984,0,,"",,
112.840,9.7934,9.7934,8.7193,1.0741,0,,"",,
112.940,9.7603,9.7603,8.7216,1.0387,0,,"",,
113.040,9.7234,9.7234,8.7239,0.9995,0,,"",,
113.141,9.6799,9.6799,8.7261,0.9538,0,,"",,
113.241,9.6286,9.6286,8.7282,0.9004,0,,"",,
113.341,9.5731,9.5731,8.7302,0.8429,0,,"",,
113.441,9.5253,9.5253,8.7323,0.7930,0,,"",,
113.541,9.4909,9.4909,8.7343,0.7566,0,,"",,
113.641,9.4647,9.4647,8.7364,0.7283,0,,"",,
113.741,9.4444,9.4444,8.7385,0.7059,0,,"",,
113.841,9.4290,9.4290,8.7406,0.6884,0,,"",,
113.942,9.4133,9.4133,8.7428,0.6705,0,,"",,
114.042,9.3966,9.3966,8.7449,0.6517,0,,"",,
114.142,9.3813,9.3813,8.7471,0.6342,0,,"",,
114.242,9.3680,9.3680,8.7493,0.6187,0,,"",,
114.342,9.3576,9.3576,8.7515,0.6061,0,,"",,
114.442,9.3496,9.3496,8.7537,0.5959,0,,"",,
114.542,9.3379,9.3379,8.7559,0.5820,0,,"",,
114.642,9.3161,9.3161,8.7581,0.5580,0,,"",,
114.743,9.2797,9.2797,8.7603,0.5194,0,,"",,
114.843,9.2376,9.2376,8.7624,0.4752,0,,"",,
114.943,9.1948,9.1948,8.7645,0.4303,0,,"",,
115.043,9.1527,9.1527,8.7665,0.3862,0,,"",,
115.143,9.1110,9.1110,8.7685,0.3425,0,,"",,
115.243,9.0769,9.0769,8.7704,0.3065,0,,"",,
115.343,9.0444,9.0444,8.7723,0.2721,0,,"",,
115.443,9.0139,9.0139,8.7741,0.2398,0,,"",,
115.544,9.0008,9.0008,8.7759,0.2249,0,,"",,
115.644,9.0174,9.0174,8.7777,0.2397,0,,"",,
115.744,9.0686,9.0686,8.7794,0.2892,0,,"",,
115.844,9.1546,9.1546,8.7812,0.3734,0,,"",,
115.944,9.2729,9.2729,8.7829,0.4900,0,,"",,
116.044,9.3863,9.3863,8.7846,0.6017,0,,"",,
116.144,9.4905,9.4905,8.7862,0.7043,0,,"",,
116.244,9.5763,9.5763,8.7879,0.7884,0,,"",,
116.345,9.6473,9.6473,8.7896,0.8577,0,,"",,
116.445,9.7042,9.7042,8.7912,0.9130,0,,"",,
116.545,9.7440,9.7440,8.7929,0.9511,0,,"",,
116.645,9.7701,9.7701,8.7945,0.9756,0,,"",,
116.745,9.7823,9.7823,8.7962,0.9861,1,0.7613,"",,
116.845,9.7701,9.7701,8.7978,0.9723,0,,"",,
116.945,9.7303,9.7303,8.7994,0.9309,0,,"",,
117.045,9.6934,9.6934,8.8009,0.8925,0,,"",,
117.146,9.6579,9.6579,8.8024,0.8555,0,,"",,
117.246,9.6106,9.6106,8.8038,0.8068,0,,"",,
117.346,9.5592,9.5592,8.8051,0.7541,0,,"",,
117.446,9.5186,9.5186,8.8063,0.7123,0,,"",,
117.546,9.4799,9.4799,8.8072,0.6727,0,,"",,
117.646,9.4470,9.4470,8.8079,0.6391,0,,"",,
117.746,9.4366,9.4366,8.8083,0.6283,0,,"",,
117.846,9.4517,9.4517,8.8085,0.6432,0,,"",,
117.947,9.4840,9.4840,8.8084,0.6756,0,,"",,
118.047,9.5254,9.5254,8.8081,0.7173,0,,"",,
118.147,9.5773,9.5773,8.8076,0.7697,0,,"",,
118.247,9.6247,9.6247,8.8068,0.8179,0,,"",,
118.347,9.6559,9.6559,8.8058,0.8501,0,,"",,
118.447,9.6783,9.6783,8.8046,0.8737,0,,"",,
118.547,9.7019,9.7019,8.8033,0.8986,0,,"",,
118.647,9.7181,9.7181,8.8017,0.9164,0,,"",,
118.748,9.7276,9.7276,8.8001,0.9275,0,,"",,
118.848,9.7344,9.7344,8.7984,0.9360,0,,"",,
118.948,9.7344,9.7344,8.7966,0.9378,1,0.3095,"",,
119.048,9.7199,9.7199,8.7948,0.9251,0,,"",,
119.148,9.6894,9.6894,8.7929,0.8965,0,,"",,
119.248,9.6551,9.6551,8.7910,0.8641,0,,"",,
119.348,9.6236,9.6236,8.7891,0.8345,0,,"",,
119.448,9.5875,9.5875,8.7872,0.8003,0,,"",,
119.549,9.5449,9.5449,8.7853,0.7596,0,,"",,
119.649,9.5052,9.5052,8.7833,0.7219,0,,"",,
119.749,9.4633,9.4633,8.7812,0.6821,0,,"",,
119.849,9.4082,9.4082,8.7792,0.6290,0,,"",,
119.949,9.3575,9.3575,8.7771,0.5804,0,,"",,
120.049,9.3260,9.3260,8.7750,0.5510,0,,"",,
120.149,9.2936,9.2936,8.7728,0.5208,0,,"",,
120.249,9.2673,9.2673,8.7706,0.4967,0,,"",,
120.350,9.2481,9.2481,8.7684,0.4797,0,,"",,
120.450,9.2239,9.2239,8.7661,0.4578,0,,"",,
120.550,9.1908,9.1908,8.7638,0.4270,0,,"",,
120.650,9.1568,9.1568,8.7615,0.3953,0,,"",,
120.750,9.1289,9.1289,8.7591,0.3698,0,,"",,
120.850,9.1017,9.1017,8.7566,0.3451,0,,"",,
120.950,9.0696,9.0696,8.7541,0.3155,0,,"",,
121.050,9.0439,9.0439,8.7516,0.2923,0,,"",,
121.150,9.0230,9.0230,8.7490,0.2740,0,,"",,
121.251,8.9965,8.9965,8.7464,0.2501,0,,"",,
121.351,8.9663,8.9663,8.7438,0.2225,0,,"",,
121.451,8.9437,8.9437,8.7412,0.2025,0,,"",,
121.551,8.9266,8.9266,8.7387,0.1879,0,,"",,
121.651,8.9105,8.9105,8.7361,0.1744,0,,"",,
121.751,8.9013,8.9013,8.7337,0.1676,0,,"",,
121.851,8.8998,8.8998,8.7313,0.1685,0,,"",,
121.951,8.8996,8.8996,8.7290,0.1706,0,,"",,
122.052,8.9042,8.9042,8.7267,0.1775,0,,"",,
122.152,8.9223,8.9223,8.7246,0.1977,0,,"",,
122.252,8.9481,8.9481,8.7224,0.2257,0,,"",,
122.352,8.9776,8.9776,8.7204,0.2572,0,,"",,
122.452,9.0110,9.0110,8.7184,0.2926,0,,"",,
122.552,9.0401,9.0401,8.7164,0.3237,0,,"",,
122.652,9.0561,9.0561,8.7144,0.3417,0,,"",,
122.752,9.0677,9.0677,8.7125,0.3552,0,,"",,
122.853,9.0814,9.0814,8.7105,0.3709,0,,"",,
122.953,9.0920,9.0920,8.7086,0.3834,0,,"",,
123.053,9.0975,9.0975,8.7065,0.3910,0,,"",,
123.153,9.0990,9.0990,8.7045,0.3945,0,,"",,
123.253,9.0876,9.0876,8.7024,0.3852,0,,"",,
123.353,9.0652,9.0652,8.7002,0.3650,0,,"",,
123.453,9.0440,9.0440,8.6980,0.3460,0,,"",,
123.553,9.0243,9.0243,8.6957,0.3286,0,,"",,
123.654,9.0044,9.0044,8.6933,0.3111,0,,"",,
123.754,8.9841,8.9841,8.6909,0.2932,0,,"",,
123.854,8.9630,8.9630,8.6884,0.2746,0,,"",,
123.954,8.9304,8.9304,8.6858,0.2446,0,,"",,
124.054,8.8953,8.8953,8.6832,0.2121,0,,"",,
124.154,8.8646,8.8646,8.6805,0.1841,0,,"",,
124.254,8.8379,8.8379,8.6777,0.1602,0,,"",,
124.354,8.8130,8.8130,8.6749,0.1381,0,,"",,
124.455,8.7935,8.7935,8.6720,0.1215,0,,"",,
124.555,8.7745,8.7745,8.6690,0.1055,0,,"",,
124.655,8.7416,8.7416,8.6659,0.0757,0,,"",,
124.755,8.7061,8.7061,8.6627,0.0434,0,,"",,
124.855,8.6831,8.6831,8.6595,0.0236,0,,"",,
124.955,8.6644,8.6644,8.6562,0.0082,0,,"",,
125.055,8.6528,8.6528,8.6528,0.0000,0,,"",,
125.155,8.6534,8.6534,8.6493,0.0041,0,,"",,
125.256,8.6634,8.6634,8.6458,0.0176,0,,"",,
125.356,8.6748,8.6748,8.6421,0.0327,0,,"",,
125.456,8.6943,8.6943,8.6384,0.0559,0,,"",,
125.556,8.7350,8.7350,8.6346,0.1004,0,,"",,
125.656,8.7891,8.7891,8.6307,0.1584,0,,"",,
125.756,8.8565,8.8565,8.6268,0.2297,0,,"",,
125.856,8.9333,8.9333,8.6227,0.3106,0,,"",,
125.956,9.0151,9.0151,8.6186,0.3965,0,,"",,
126.057,9.0783,9.0783,8.6144,0.4639,0,,"",,
126.157,9.1344,9.1344,8.6101,0.5243,0,,"",,
126.257,9.1916,9.1916,8.6057,0.5859,0,,"",,
126.357,9.2468,9.2468,8.6012,0.6456,0,,"",,
126.457,9.2959,9.2959,8.5967,0.6992,0,,"",,
126.557,9.3349,9.3349,8.5921,0.7428,0,,"",,
126.657,9.3605,9.3605,8.5874,0.7731,0,,"",,
126.757,9.3636,9.3636,8.5826,0.7810,1,0.7810,"",,
126.858,9.3489,9.3489,8.5778,0.7711,0,,"",,
126.958,9.3331,9.3331,8.5729,0.7602,0,,"",,
127.058,9.3194,9.3194,8.5679,0.7515,0,,"",,
127.158,9.3046,9.3046,8.5628,0.7418,0,,"",,
127.258,9.2876,9.2876,8.5577,0.7299,0,,"",,
127.358,9.2653,9.2653,8.5526,0.7127,0,,"",,
127.458,9.2353,9.2353,8.5474,0.6879,0,,"",,
127.558,9.1949,9.1949,8.5422,0.6527,0,,"",,
127.659,9.1578,9.1578,8.5370,0.6208,0,,"",,
127.759,9.1307,9.1307,8.5319,0.5988,0,,"",,
127.859,9.1106,9.1106,8.5269,0.5837,0,,"",,
127.959,9.0951,9.0951,8.5220,0.5731,0,,"",,
128.059,9.0855,9.0855,8.5173,0.5682,0,,"",,
128.159,9.0802,9.0802,8.5127,0.5675,0,,"",,
128.259,9.0780,9.0780,8.5083,0.5697,0,,"",,
128.359,9.0902,9.0902,8.5039,0.5863,0,,"",,
128.460,9.1287,9.1287,8.4997,0.6290,0,,"",,
128.560,9.1894,9.1894,8.4957,0.6937,0,,"",,
128.660,9.2633,9.2633,8.4918,0.7715,0,,"",,
128.760,9.3475,9.3475,8.4880,0.8595,0,,"",,
128.860,9.4242,9.4242,8.4843,0.9399,0,,"",,
128.960,9.4791,9.4791,8.4808,0.9983,0,,"",,
129.060,9.5123,9.5123,8.4775,1.0348,0,,"",,
129.160,9.5410,9.5410,8.4742,1.0668,0,,"",,
129.261,9.5590,9.5590,8.4711,1.0879,0,,"",,
129.361,9.5635,9.5635,8.4682,1.0953,1,0.5278,"",,
129.461,9.5575,9.5575,8.4654,1.0921,0,,"",,
129.561,9.5404,9.5404,8.4627,1.0777,0,,"",,
129.661,9.5026,9.5026,8.4602,1.0424,0,,"",,
129.761,9.4513,9.4513,8.4579,0.9934,0,,"",,
129.861,9.4032,9.4032,8.4556,0.9476,0,,"",,
129.961,9.3548,9.3548,8.4536,0.9012,0,,"",,
130.062,9.3093,9.3093,8.4516,0.8577,0,,"",,
130.162,9.2649,9.2649,8.4498,0.8151,0,,"",,
130.262,9.2204,9.2204,8.4482,0.7722,0,,"",,
130.362,9.1675,9.1675,8.4467,0.7208,0,,"",,
130.462,9.1103,9.1103,8.4454,0.6649,0,,"",,
130.562,9.0575,9.0575,8.4442,0.6133,0,,"",,
130.662,9.0192,9.0192,8.4432,0.5760,0,,"",,
130.762,8.9856,8.9856,8.4423,0.5433,0,,"",,
130.863,8.9569,8.9569,8.4416,0.5153,0,,"",,
130.963,8.9316,8.9316,8.4410,0.4906,0,,"",,
131.063,8.9075,8.9075,8.4406,0.4669,0,,"",,
131.163,8.8755,8.8755,8.4403,0.4352,0,,"",,
131.263,8.8432,8.8432,8.4402,0.4030,0,,"",,
131.363,8.8166,8.8166,8.4402,0.3764,0,,"",,
131.463,8.7945,8.7945,8.4403,0.3542,0,,"",,
131.563,8.7748,8.7748,8.4406,0.3342,0,,"",,
131.664,8.7573,8.7573,8.4408,0.3165,0,,"",,
131.764,8.7406,8.7406,8.4410,0.2996,0,,"",,
131.864,8.7182,8.7182,8.4411,0.2771,0,,"",,
131.964,8.6877,8.6877,8.4410,0.2467,0,,"",,
132.064,8.6624,8.6624,8.4407,0.2217,0,,"",,
132.164,8.6416,8.6416,8.4401,0.2015,0,,"",,
132.264,8.6235,8.6235,8.4393,0.1842,0,,"",,
132.364,8.6093,8.6093,8.4383,0.1710,0,,"",,
132.465,8.5971,8.5971,8.4371,0.1600,0,,"",,
132.565,8.5824,8.5824,8.4356,0.1468,0,,"",,
132.665,8.5632,8.5632,8.4339,0.1293,0,,"",,
132.765,8.5430,8.5430,8.4319,0.1111,0,,"",,
132.865,8.5286,8.5286,8.4297,0.0989,0,,"",,
132.965,8.5188,8.5188,8.4273,0.0915,0,,"",,
133.065,8.5110,8.5110,8.4247,0.0863,0,,"",,
133.165,8.5035,8.5035,8.4218,0.0817,0,,"",,
133.266,8.4968,8.4968,8.4187,0.0781,0,,"",,
133.366,8.4869,8.4869,8.4154,0.0715,0,,"",,
133.466,8.4701,8.4701,8.4118,0.0583,0,,"",,
133.566,8.4534,8.4534,8.4080,0.0454,0,,"",,
133.666,8.4463,8.4463,8.4040,0.0423,0,,"",,
133.766,8.4449,8.4449,8.3997,0.0452,0,,"",,
133.866,8.4478,8.4478,8.3952,0.0526,0,,"",,
133.966,8.4581,8.4581,8.3905,0.0676,0,,"",,
134.067,8.4702,8.4702,8.3856,0.0846,0,,"",,
134.167,8.4793,8.4793,8.3805,0.0988,0,,"",,
134.267,8.4934,8.4934,8.3751,0.1183,0,,"",,
134.367,8.5228,8.5228,8.3696,0.1532,0,,"",,
134.467,8.5604,8.5604,8.3638,0.1966,0,,"",,
134.567,8.6021,8.6021,8.3579,0.2442,0,,"",,
134.667,8.6457,8.6457,8.3517,0.2940,0,,"",,
134.767,8.6812,8.6812,8.3453,0.3359,0,,"",,
134.868,8.7040,8.7040,8.3388,0.3652,0,,"",,
134.968,8.7146,8.7146,8.3320,0.3826,0,,"",,
135.068,8.7249,8.7249,8.3251,0.3998,0,,"",,
135.168,8.7342,8.7342,8.3179,0.4163,0,,"",,
135.268,8.7368,8.7368,8.3106,0.4262,0,,"",,
135.368,8.7354,8.7354,8.3031,0.4323,0,,"",,
135.468,8.7284,8.7284,8.2955,0.4329,0,,"",,
135.568,8.7080,8.7080,8.2877,0.4203,0,,"",,
135.669,8.6789,8.6789,8.2797,0.3992,0,,"",,
135.769,8.6505,8.6505,8.2716,0.3789,0,,"",,
135.869,8.6261,8.6261,8.2635,0.3626,0,,"",,
135.969,8.5995,8.5995,8.2554,0.3441,0,,"",,
136.069,8.5773,8.5773,8.2473,0.3300,0,,"",,
136.169,8.5562,8.5562,8.2392,0.3170,0,,"",,
136.269,8.5310,8.5310,8.2312,0.2998,0,,"",,
136.369,8.4983,8.4983,8.2233,0.2750,0,,"",,
136.470,8.4651,8.4651,8.2154,0.2497,0,,"",,
136.570,8.4370,8.4370,8.2075,0.2295,0,,"",,
136.670,8.4161,8.4161,8.1998,0.2163,0,,"",,
136.770,8.3970,8.3970,8.1921,0.2049,0,,"",,
136.870,8.3817,8.3817,8.1844,0.1973,0,,"",,
136.970,8.3673,8.3673,8.1768,0.1905,0,,"",,
137.070,8.3503,8.3503,8.1693,0.1810,0,,"",,
137.170,8.3270,8.3270,8.1618,0.1652,0,,"",,
137.271,8.3032,8.3032,8.1544,0.1488,0,,"",,
137.371,8.2867,8.2867,8.1471,0.1396,0,,"",,
137.471,8.2741,8.2741,8.1398,0.1343,0,,"",,
137.571,8.2617,8.2617,8.1327,0.1290,0,,"",,
137.671,8.2521,8.2521,8.1256,0.1265,0,,"",,
137.771,8.2446,8.2446,8.1185,0.1261,0,,"",,
137.871,8.2319,8.2319,8.1115,0.1204,0,,"",,
137.971,8.2129,8.2129,8.1046,0.1083,0,,"",,
138.072,8.2006,8.2006,8.0978,0.1028,0,,"",,
138.172,8.1926,8.1926,8.0911,0.1015,0,,"",,
138.272,8.1860,8.1860,8.0844,0.1016,0,,"",,
138.372,8.1836,8.1836,8.0778,0.1058,0,,"",,
138.472,8.1884,8.1884,8.0713,0.1171,0,,"",,
138.572,8.1946,8.1946,8.0649,0.1297,0,,"",,
138.672,8.1931,8.1931,8.0586,0.1345,0,,"",,
138.772,8.1933,8.1933,8.0524,0.1409,0,,"",,
138.873,8.2034,8.2034,8.0462,0.1572,0,,"",,
138.973,8.2157,8.2157,8.0401,0.1756,0,,"",,
139.073,8.2278,8.2278,8.0340,0.1938,0,,"",,
139.173,8.2417,8.2417,8.0281,0.2136,0,,"",,
139.273,8.2526,8.2526,8.0222,0.2304,0,,"",,
139.373,8.2547,8.2547,8.0163,0.2384,0,,"",,
139.473,8.2497,8.2497,8.0105,0.2392,0,,"",,
139.573,8.2468,8.2468,8.0047,0.2421,0,,"",,
139.674,8.2484,8.2484,7.9990,0.2494,0,,"",,
139.774,8.2512,8.2512,7.9933,0.2579,0,,"",,
139.874,8.2526,8.2526,7.9877,0.2649,0,,"",,
139.974,8.2505,8.2505,7.9820,0.2685,0,,"",,
140.074,8.2434,8.2434,7.9764,0.2670,0,,"",,
140.174,8.2301,8.2301,7.9707,0.2594,0,,"",,
140.274,8.2154,8.2154,7.9650,0.2504,0,,"",,
140.374,8.2038,8.2038,7.9594,0.2444,0,,"",,
140.475,8.1921,8.1921,7.9537,0.2384,0,,"",,
140.575,8.1797,8.1797,7.9481,0.2316,0,,"",,
140.675,8.1697,8.1697,7.9424,0.2273,0,,"",,
140.775,8.1599,8.1599,7.9368,0.2231,0,,"",,
140.875,8.1441,8.1441,7.9311,0.2130,0,,"",,
140.975,8.1230,8.1230,7.9254,0.1976,0,,"",,
141.075,8.1073,8.1073,7.9197,0.1876,0,,"",,
141.175,8.0956,8.0956,7.9140,0.1816,0,,"",,
141.275,8.0847,8.0847,7.9083,0.1764,0,,"",,
141.376,8.0762,8.0762,7.9026,0.1736,0,,"",,
141.476,8.0691,8.0691,7.8969,0.1722,0,,"",,
141.576,8.0596,8.0596,7.8911,0.1685,0,,"",,
141.676,8.0480,8.0480,7.8853,0.1627,0,,"",,
141.776,8.0387,8.0387,7.8796,0.1591,0,,"",,
141.876,8.0343,8.0343,7.8738,0.1605,0,,"",,
141.976,8.0316,8.0316,7.8680,0.1636,0,,"",,
142.076,8.0290,8.0290,7.8622,0.1668,0,,"",,
142.177,8.0277,8.0277,7.8565,0.1712,0,,"",,
142.277,8.0227,8.0227,7.8507,0.1720,0,,"",,
142.377,8.0075,8.0075,7.8449,0.1626,0,,"",,
142.477,7.9922,7.9922,7.8391,0.1531,0,,"",,
142.577,7.9830,7.9830,7.8333,0.1497,0,,"",,
142.677,7.9752,7.9752,7.8275,0.1477,0,,"",,
142.777,7.9672,7.9672,7.8217,0.1455,0,,"",,
142.877,7.9584,7.9584,7.8159,0.1425,0,,"",,
142.978,7.9481,7.9481,7.8101,0.1380,0,,"",,
143.078,7.9350,7.9350,7.8043,0.1307,0,,"",,
143.178,7.9203,7.9203,7.7985,0.1218,0,,"",,
143.278,7.9099,7.9099,7.7927,0.1172,0,,"",,
143.378,7.9018,7.9018,7.7869,0.1149,0,,"",,
143.478,7.8946,7.8946,7.7812,0.1134,0,,"",,
143.578,7.8884,7.8884,7.7754,0.1130,0,,"",,
143.678,7.8814,7.8814,7.7697,0.1117,0,,"",,
143.779,7.8712,7.8712,7.7640,0.1072,0,,"",,
143.879,7.8586,7.8586,7.7583,0.1003,0,,"",,
143.979,7.8479,7.8479,7.7526,0.0953,0,,"",,
144.079,7.8455,7.8455,7.7469,0.0986,0,,"",,
144.179,7.8456,7.8456,7.7413,0.1043,0,,"",,
144.279,7.8477,7.8477,7.7358,0.1119,0,,"",,
144.379,7.8546,7.8546,7.7302,0.1244,0,,"",,
144.479,7.8614,7.8614,7.7247,0.1367,0,,"",,
144.580,7.8624,7.8624,7.7192,0.1432,0,,"",,
144.680,7.8601,7.8601,7.7138,0.1463,0,,"",,
144.780,7.8611,7.8611,7.7083,0.1528,0,,"",,
144.880,7.8639,7.8639,7.7029,0.1610,0,,"",,
144.980,7.8669,7.8669,7.6975,0.1694,0,,"",,
145.080,7.8668,7.8668,7.6922,0.1746,0,,"",,
145.180,7.8647,7.8647,7.6868,0.1779,0,,"",,
145.280,7.8586,7.8586,7.6815,0.1771,0,,"",,
145.381,7.8434,7.8434,7.6762,0.1672,0,,"",,
145.481,7.8267,7.8267,7.6709,0.1558,0,,"",,
145.581,7.8153,7.8153,7.6656,0.1497,0,,"",,
145.681,7.8060,7.8060,7.6604,0.1456,0,,"",,
145.781,7.7966,7.7966,7.6552,0.1414,0,,"",,
145.881,7.7881,7.7881,7.6500,0.1381,0,,"",,
145.981,7.7786,7.7786,7.6448,0.1338,0,,"",,
146.081,7.7655,7.7655,7.6396,0.1259,0,,"",,
146.182,7.7492,7.7492,7.6344,0.1148,0,,"",,
146.282,7.7383,7.7383,7.6293,0.1090,0,,"",,
146.382,7.7321,7.7321,7.6241,0.1080,0,,"",,
146.482,7.7263,7.7263,7.6190,0.1073,0,,"",,
146.582,7.7228,7.7228,7.6140,0.1088,0,,"",,
146.682,7.7195,7.7195,7.6089,0.1106,0,,"",,
146.782,7.7126,7.7126,7.6039,0.1087,0,,"",,
146.882,7.7015,7.7015,7.5989,0.1026,0,,"",,
146.983,7.6903,7.6903,7.5940,0.0963,0,,"",,
147.083,7.6845,7.6845,7.5891,0.0954,0,,"",,
147.183,7.6793,7.6793,7.5842,0.0951,0,,"",,
147.283,7.6732,7.6732,7.5794,0.0938,0,,"",,
147.383,7.6675,7.6675,7.5746,0.0929,0,,"",,
147.483,7.6612,7.6612,7.5698,0.0914,0,,"",,
147.583,7.6477,7.6477,7.5651,0.0826,0,,"",,
147.683,7.6324,7.6324,7.5604,0.0720,0,,"",,
147.784,7.6245,7.6245,7.5558,0.0687,0,,"",,
147.884,7.6177,7.6177,7.5513,0.0664,0,,"",,
147.984,7.6104,7.6104,7.5468,0.0636,0,,"",,
148.084,7.6073,7.6073,7.5423,0.0650,0,,"",,
148.184,7.6060,7.6060,7.5379,0.0681,0,,"",,
148.284,7.5993,7.5993,7.5336,0.0657,0,,"",,
148.384,7.5855,7.5855,7.5293,0.0562,0,,"",,
148.484,7.5753,7.5753,7.5251,0.0502,0,,"",,
148.585,7.5695,7.5695,7.5210,0.0485,0,,"",,
148.685,7.5634,7.5634,7.5169,0.0465,0,,"",,
148.785,7.5575,7.5575,7.5129,0.0446,0,,"",,
148.885,7.5526,7.5526,7.5090,0.0436,0,,"",,
148.985,7.5465,7.5465,7.5052,0.0413,0,,"",,
149.085,7.5364,7.5364,7.5015,0.0349,0,,"",,
149.185,7.5229,7.5229,7.4978,0.0251,0,,"",,
149.285,7.5134,7.5134,7.4943,0.0191,0,,"",,
149.386,7.5079,7.5079,7.4909,0.0170,0,,"",,
149.486,7.5034,7.5034,7.4875,0.0159,0,,"",,
149.586,7.4997,7.4997,7.4843,0.0154,0,,"",,
149.686,7.4960,7.4960,7.4812,0.0148,0,,"",,
149.786,7.4882,7.4882,7.4782,0.0100,0,,"",,
149.886,7.4768,7.4768,7.4753,0.0015,0,,"",,
149.986,7.4726,7.4726,7.4726,0.0000,0,,"",,
150.086,7.4784,7.4784,7.4700,0.0084,0,,"",,
150.187,7.4904,7.4904,7.4675,0.0229,0,,"",,
150.287,7.5085,7.5085,7.4651,0.0434,0,,"",,
150.387,7.5356,7.5356,7.4629,0.0727,0,,"",,
150.487,7.5670,7.5670,7.4608,0.1062,0,,"",,
150.587,7.5954,7.5954,7.4589,0.1365,0,,"",,
150.687,7.6205,7.6205,7.4571,0.1634,0,,"",,
150.787,7.6488,7.6488,7.4554,0.1934,0,,"",,
150.887,7.6798,7.6798,7.4539,0.2259,0,,"",,
150.988,7.7100,7.7100,7.4526,0.2574,0,,"",,
151.088,7.7368,7.7368,7.4514,0.2854,0,,"",,
151.188,7.7698,7.7698,7.4504,0.3194,0,,"",,
151.288,7.7983,7.7983,7.4495,0.3488,0,,"",,
151.388,7.8136,7.8136,7.4488,0.3648,0,,"",,
151.488,7.8230,7.8230,7.4482,0.3748,0,,"",,
151.588,7.8263,7.8263,7.4478,0.3785,0,,"",,
151.688,7.8248,7.8248,7.4476,0.3772,0,,"",,
151.789,7.8218,7.8218,7.4475,0.3743,0,,"",,
151.889,7.8140,7.8140,7.4475,0.3665,0,,"",,
151.989,7.8005,7.8005,7.4478,0.3527,0,,"",,
152.089,7.7858,7.7858,7.4481,0.3377,0,,"",,
152.189,7.7697,7.7697,7.4487,0.3210,0,,"",,
152.289,7.7551,7.7551,7.4494,0.3057,0,,"",,
152.389,7.7429,7.7429,7.4503,0.2926,0,,"",,
152.489,7.7344,7.7344,7.4514,0.2830,0,,"",,
152.590,7.7299,7.7299,7.4527,0.2772,0,,"",,
152.690,7.7273,7.7273,7.4542,0.2731,0,,"",,
152.790,7.7248,7.7248,7.4560,0.2688,0,,"",,
152.890,7.7286,7.7286,7.4581,0.2705,0,,"",,
152.990,7.7426,7.7426,7.4604,0.2822,0,,"",,
153.090,7.7590,7.7590,7.4629,0.2961,0,,"",,
153.190,7.7785,7.7785,7.4658,0.3127,0,,"",,
153.290,7.8004,7.8004,7.4689,0.3315,0,,"",,
153.391,7.8198,7.8198,7.4722,0.3476,0,,"",,
153.491,7.8295,7.8295,7.4758,0.3537,0,,"",,
153.591,7.8357,7.8357,7.4796,0.3561,0,,"",,
153.691,7.8483,7.8483,7.4837,0.3646,0,,"",,
153.791,7.8640,7.8640,7.4880,0.3760,0,,"",,
153.891,7.8779,7.8779,7.4926,0.3853,0,,"",,
153.991,7.8915,7.8915,7.4974,0.3941,0,,"",,
154.091,7.9033,7.9033,7.5024,0.4009,0,,"",,
154.192,7.9083,7.9083,7.5077,0.4006,0,,"",,
154.292,7.9029,7.9029,7.5132,0.3897,0,,"",,
154.392,7.8960,7.8960,7.5189,0.3771,0,,"",,
154.492,7.8936,7.8936,7.5248,0.3688,0,,"",,
154.592,7.8948,7.8948,7.5309,0.3639,0,,"",,
154.692,7.8975,7.8975,7.5372,0.3603,0,,"",,
154.792,7.8974,7.8974,7.5437,0.3537,0,,"",,
154.892,7.8875,7.8875,7.5505,0.3370,0,,"",,
154.993,7.8667,7.8667,7.5574,0.3093,0,,"",,
155.093,7.8502,7.8502,7.5646,0.2856,0,,"",,
155.193,7.8428,7.8428,7.5719,0.2709,0,,"",,
155.293,7.8373,7.8373,7.5795,0.2578,0,,"",,
155.393,7.8319,7.8319,7.5872,0.2447,0,,"",,
155.493,7.8288,7.8288,7.5951,0.2337,0,,"",,
155.593,7.8238,7.8238,7.6032,0.2206,0,,"",,
155.693,7.8135,7.8135,7.6115,0.2020,0,,"",,
155.794,7.7992,7.7992,7.6200,0.1792,0,,"",,
155.894,7.7914,7.7914,7.6287,0.1627,0,,"",,
155.994,7.7893,7.7893,7.6375,0.1518,0,,"",,
156.094,7.7887,7.7887,7.6465,0.1422,0,,"",,
156.194,7.7924,7.7924,7.6556,0.1368,0,,"",,
156.294,7.8016,7.8016,7.6648,0.1368,0,,"",,
156.394,7.8163,7.8163,7.6740,0.1423,0,,"",,
156.494,7.8334,7.8334,7.6833,0.1501,0,,"",,
156.595,7.8637,7.8637,7.6926,0.1711,0,,"",,
156.695,7.9047,7.9047,7.7018,0.2029,0,,"",,
156.795,7.9484,7.9484,7.7110,0.2374,0,,"",,
156.895,7.9934,7.9934,7.7200,0.2734,0,,"",,
156.995,8.0372,8.0372,7.7289,0.3083,0,,"",,
157.095,8.0659,8.0659,7.7376,0.3283,0,,"",,
157.195,8.0791,8.0791,7.7462,0.3329,0,,"",,
157.295,8.0844,8.0844,7.7546,0.3298,0,,"",,
157.396,8.0913,8.0913,7.7627,0.3286,0,,"",,
157.496,8.0920,8.0920,7.7707,0.3213,0,,"",,
157.596,8.0852,8.0852,7.7786,0.3066,0,,"",,
157.696,8.0798,8.0798,7.7862,0.2936,0,,"",,
157.796,8.0702,8.0702,7.7937,0.2765,0,,"",,
157.896,8.0466,8.0466,7.8009,0.2457,0,,"",,
157.996,8.0167,8.0167,7.8080,0.2087,0,,"",,
158.096,7.9982,7.9982,7.8149,0.1833,0,,"",,
158.197,7.9884,7.9884,7.8217,0.1667,0,,"",,
158.297,7.9813,7.9813,7.8282,0.1531,0,,"",,
158.397,7.9836,7.9836,7.8345,0.1491,0,,"",,
158.497,7.9997,7.9997,7.8407,0.1590,0,,"",,
158.597,8.0051,8.0051,7.8455,0.1596,0,,"",,
158.697,7.9907,7.9907,7.8500,0.1407,0,,"",,
158.797,7.9871,7.9871,7.8545,0.1326,0,,"",,
158.897,8.0704,8.0704,7.8588,0.2116,0,,"",,
158.998,8.2140,8.2140,7.8629,0.3511,0,,"",,
159.098,8.2965,8.2965,7.8664,0.4301,0,,"",,
159.198,8.3440,8.3440,7.8699,0.4741,0,,"",,
159.298,8.3785,8.3785,7.8733,0.5052,0,,"",,
159.398,8.3998,8.3998,7.8767,0.5231,0,,"",,
159.498,8.4106,8.4106,7.8799,0.5307,0,,"",,
159.598,8.4175,8.4175,7.8831,0.5344,0,,"",,
159.698,8.4251,8.4251,7.8861,0.5390,1,0.4064,"",,
159.799,8.4277,8.4277,7.8891,0.5386,0,,"",,
159.899,8.4283,8.4283,7.8919,0.5364,0,,"",,
159.999,8.4280,8.4280,7.8946,0.5334,0,,"",,
160.099,8.4259,8.4259,7.8972,0.5287,0,,"",,
160.199,8.4308,8.4308,7.8996,0.5312,0,,"",,
160.299,8.4415,8.4415,7.9018,0.5397,0,,"",,
160.399,8.4603,8.4603,7.9039,0.5564,0,,"",,
160.499,8.4944,8.4944,7.9057,0.5887,0,,"",,
160.600,8.5498,8.5498,7.9074,0.6424,0,,"",,
160.700,8.6246,8.6246,7.9090,0.7156,0,,"",,
160.800,8.7095,8.7095,7.9104,0.7991,0,,"",,
160.900,8.7910,8.7910,7.9117,0.8793,0,,"",,
161.000,8.8711,8.8711,7.9128,0.9583,0,,"",,
